Player_Name,Player_ID,games_played,value_games,avg_projected_pra,avg_pv,season_USG,season_PRA,age,team,pos,season_PTS,season_REB,season_AST,value_pct,USG_cohort,CV
LeBron James,2544,70,52,43.02428571428571,1.3612435282175026,30.1,40.39999999999999,40,LAL,SF,24.4,7.8,8.2,0.7428571428571429,High Usage,1.005589119921467
Chris Paul,101108,81,48,39.81728395061728,1.476389693822269,14.0,19.8,39,SAS,PG,8.8,3.6,7.4,0.5925925925925926,Low Usage,0.9353596080327192
Kyle Lowry,200768,31,6,26.279999999999998,1.0171764725786523,10.1,8.5,38,PHI,PG,3.9,1.9,2.7,0.1935483870967742,Low Usage,0.4437035785976763
Kevin Durant,201142,62,36,40.08548387096774,1.3004564197412947,28.7,36.800000000000004,36,PHO,PF,26.6,6.0,4.2,0.5806451612903226,High Usage,0.8689670463209289
Al Horford,201143,59,24,35.249152542372876,1.3111462896570565,13.8,17.3,38,BOS,C,9.0,6.2,2.1,0.4067796610169492,Low Usage,0.7303065406049217
Mike Conley,201144,70,15,30.194285714285712,1.1184991974287217,14.4,15.299999999999999,37,MIN,PG,8.2,2.6,4.5,0.21428571428571427,Low Usage,0.4895696063370476
Russell Westbrook,201566,75,26,31.67066666666667,1.0926856877299846,23.8,24.300000000000004,36,DEN,PG,13.3,4.9,6.1,0.3466666666666667,High Usage,0.6154654377621281
Eric Gordon,201569,31,3,22.409677419354836,0.8279136901573254,14.4,9.7,36,PHI,SG,6.8,1.2,1.7,0.0967741935483871,Low Usage,0.2830559656545758
Brook Lopez,201572,80,33,35.13875,1.2898340667138184,15.8,19.8,36,MIL,C,13.0,5.0,1.8,0.4125,Medium Usage,0.7294220674749634
Nicolas Batum,201587,65,14,29.653968253968255,1.1634633216765164,9.0,7.9,36,LAC,PF,4.0,2.8,1.1,0.2153846153846154,Low Usage,0.5005917498854766
DeAndre Jordan,201599,23,6,35.449999999999996,1.3635420899551576,12.8,9.700000000000001,36,DEN,C,3.7,5.1,0.9,0.2608695652173913,Low Usage,0.5964114621318197
James Harden,201935,79,43,39.8,1.2777832743135646,29.6,37.3,35,LAC,PG,22.8,5.8,8.7,0.5443037974683544,High Usage,0.8339677982694663
Stephen Curry,201939,70,39,37.67,1.1869284758140055,29.8,34.9,36,GSW,PG,24.5,4.4,6.0,0.5571428571428572,High Usage,0.8131966073707093
DeMar DeRozan,201942,77,34,35.94805194805195,1.2355480601346198,25.0,30.5,35,SAC,SF,22.2,3.9,4.4,0.44155844155844154,High Usage,0.7386248546478776
Jrue Holiday,201950,62,25,34.31612903225806,1.2536959358712287,15.8,19.299999999999997,34,BOS,PG,11.1,4.3,3.9,0.4032258064516129,Medium Usage,0.7110010933794587
Paul George,202331,41,13,31.702439024390245,1.0918451174865376,23.5,25.8,34,PHI,PF,16.2,5.3,4.3,0.3170731707317073,High Usage,0.5883832028103708
Kyrie Irving,202681,49,24,38.23265306122449,1.270188228342665,27.4,34.1,32,DAL,SG,24.7,4.8,4.6,0.4897959183673469,High Usage,0.7887540870261713
Jonas Valančiūnas,202685,72,14,28.672222222222224,0.9993493066423587,22.8,20.1,32,2TM,C,10.4,7.7,2.0,0.19444444444444445,Medium Usage,0.4408150640983293
Bismack Biyombo,202687,25,8,31.412,1.206495351691233,12.3,11.799999999999999,32,SAS,C,5.1,5.6,1.1,0.32,Low Usage,0.6213521646708849
Klay Thompson,202691,72,4,25.56527777777778,0.8935037873699804,21.8,19.4,34,DAL,SF,14.0,3.4,2.0,0.05555555555555555,Medium Usage,0.22279833773691454
Alec Burks,202692,36,7,24.562857142857144,0.8691000004565662,16.5,10.9,33,MIA,SG,7.3,2.5,1.1,0.19444444444444445,Medium Usage,0.41108596029959893
Kawhi Leonard,202695,37,11,32.894594594594594,1.0975568049245625,27.7,30.5,33,LAC,SF,21.5,5.9,3.1,0.2972972972972973,High Usage,0.57122733804881
Nikola Vučević,202696,73,49,41.83972602739726,1.4634338686911605,22.4,32.1,34,CHI,C,18.5,10.1,3.5,0.6712328767123288,Medium Usage,0.9911129731568546
Tobias Harris,202699,72,28,34.87638888888889,1.2561326937442,17.6,21.8,32,DET,PF,13.7,5.9,2.2,0.3888888888888889,Medium Usage,0.6989249226971298
Cory Joseph,202709,22,1,24.281818181818185,0.9069660459941568,12.8,6.4,33,ORL,PG,3.5,1.5,1.4,0.045454545454545456,Low Usage,0.20304120114737984
Jimmy Butler III,202710,53,29,40.17169811320755,1.4257979230788194,20.8,28.299999999999997,35,2TM,SF,17.5,5.4,5.4,0.5471698113207547,Medium Usage,0.8832630302195159
Anthony Davis,203076,49,33,43.875510204081635,1.3630138722724847,30.4,39.8,31,2TM,C,24.7,11.6,3.5,0.673469387755102,High Usage,0.9580960902023664
Bradley Beal,203078,53,15,31.045283018867927,1.0899755564116884,22.1,24.0,31,PHO,SG,17.0,3.3,3.7,0.2830188679245283,Medium Usage,0.5554130427358038
Damian Lillard,203081,58,35,39.974137931034484,1.3299664383788448,27.8,36.699999999999996,34,MIL,PG,24.9,4.7,7.1,0.603448275862069,High Usage,0.8958604546435401
Andre Drummond,203083,31,7,29.125806451612902,1.0428196147003723,19.1,16.0,31,PHI,C,7.3,7.8,0.9,0.22580645161290322,Medium Usage,0.4852580724396308
Harrison Barnes,203084,82,26,31.620731707317074,1.157293855466383,15.7,17.8,32,SAS,PF,12.3,3.8,1.7,0.3170731707317073,Medium Usage,0.6057613657382321
Draymond Green,203110,67,32,38.35757575757576,1.384033828743072,15.9,20.7,34,GSW,PF,9.0,6.1,5.6,0.47761194029850745,Medium Usage,0.813038180151923
Khris Middleton,203114,36,3,26.825000000000003,0.9357153462502892,22.0,19.700000000000003,33,2TM,SF,11.9,3.7,4.1,0.08333333333333333,Medium Usage,0.27924232998274234
CJ McCollum,203468,56,16,32.12321428571429,1.0569969925768412,27.2,29.0,33,NOP,PG,21.1,3.8,4.1,0.2857142857142857,High Usage,0.549544484765556
Dennis Schröder,203471,75,12,28.157333333333337,0.9865030307588692,21.6,21.1,31,3TM,PG,13.1,2.6,5.4,0.16,Medium Usage,0.39729143575141296
Kelly Olynyk,203482,40,5,26.575,0.9543267611234164,18.5,16.299999999999997,33,2TM,C,8.7,4.7,2.9,0.125,Medium Usage,0.3453850679175738
Kentavious Caldwell-Pope,203484,74,16,28.37972972972973,1.0636259168095399,12.4,12.7,31,ORL,SG,8.7,2.2,1.8,0.21621621621621623,Low Usage,0.47955518056013396
Mason Plumlee,203486,63,26,39.51803278688524,1.5418817717259878,10.8,12.4,34,PHO,C,4.5,6.1,1.8,0.4126984126984127,Low Usage,0.7977043059680269
Rudy Gobert,203497,72,61,53.33611111111111,1.9964607955579277,13.0,24.7,32,MIN,C,12.0,10.9,1.8,0.8472222222222222,Low Usage,1.3005560163991912
Steven Adams,203500,36,12,30.494444444444444,1.1439610717824065,13.6,10.6,31,HOU,C,3.9,5.6,1.1,0.3333333333333333,Low Usage,0.6175114227775889
Tim Hardaway Jr.,203501,76,8,27.042666666666666,0.9751165931734257,15.5,15.0,32,DET,SG,11.0,2.4,1.6,0.10526315789473684,Medium Usage,0.32038079204751363
Giannis Antetokounmpo,203507,67,63,49.4865671641791,1.4083605038360913,35.2,48.8,30,MIL,PF,30.4,11.9,6.5,0.9402985074626866,High Usage,1.1507733398573647
Seth Curry,203552,44,2,22.111363636363635,0.8105605279796438,15.7,9.1,34,CHO,SG,6.5,1.7,0.9,0.045454545454545456,Medium Usage,0.191947024886324
Zach LaVine,203897,74,33,36.81351351351351,1.2523690821098514,25.3,31.8,29,2TM,SG,23.3,4.3,4.2,0.44594594594594594,High Usage,0.7473211592046178
Elfrid Payton,203901,23,4,25.67391304347826,0.9425719200177308,15.2,13.7,30,2TM,PG,3.5,3.3,6.9,0.17391304347826086,Medium Usage,0.40487720522083165
Jordan Clarkson,203903,36,2,25.77777777777778,0.8533232594686418,27.8,23.099999999999998,32,UTA,SG,16.2,3.2,3.7,0.05555555555555555,High Usage,0.2177311363775468
Gary Harris,203914,36,3,19.96060606060606,0.7701091328599978,9.5,4.8999999999999995,30,ORL,SG,3.0,1.3,0.6,0.08333333333333333,Low Usage,0.2533293529610544
Spencer Dinwiddie,203915,76,23,30.76184210526316,1.1221031472446636,17.9,18.0,31,DAL,PG,11.0,2.6,4.4,0.3026315789473684,Medium Usage,0.5827382321355481
Jerami Grant,203924,47,7,29.451063829787234,1.049594055061266,19.4,20.0,30,POR,PF,14.4,3.5,2.1,0.14893617021276595,Medium Usage,0.3953764267617784
Aaron Gordon,203932,49,21,35.446938775510205,1.2652504448954272,19.0,22.7,29,DEN,PF,14.7,4.8,3.2,0.42857142857142855,Medium Usage,0.7363763919827067
Marcus Smart,203935,31,0,20.42258064516129,0.722806586611057,20.6,14.3,30,2TM,PG,9.0,2.1,3.2,0.0,Medium Usage,0.0
Kyle Anderson,203937,45,7,26.226666666666667,0.9626654645852737,15.9,11.700000000000001,31,2TM,PF,5.9,3.4,2.4,0.15555555555555556,Medium Usage,0.3869728170785504
Dwight Powell,203939,23,4,31.455000000000002,1.2468715624857327,7.6,5.2,33,DAL,C,2.1,2.1,1.0,0.17391304347826086,Low Usage,0.46566858199623934
Julius Randle,203944,68,27,35.74264705882353,1.23031115006804,25.0,30.499999999999996,30,MIN,PF,18.7,7.1,4.7,0.39705882352941174,High Usage,0.6989319693798056
Andrew Wiggins,203952,60,10,29.793333333333333,1.0260232609000381,24.5,25.1,29,2TM,SF,18.0,4.5,2.6,0.16666666666666666,High Usage,0.4135261501001757
Clint Capela,203991,54,16,32.99074074074074,1.2081266439875804,16.7,18.5,30,ATL,C,8.9,8.5,1.1,0.2962962962962963,Medium Usage,0.5983004680512912
Bogdan Bogdanović,203992,54,4,25.45925925925926,0.9163379396781731,18.7,16.400000000000002,32,2TM,SG,10.8,2.9,2.7,0.07407407407407407,Medium Usage,0.2605319259142829
Jusuf Nurkić,203994,48,11,28.90416666666667,1.0193945982566737,20.6,19.0,30,2TM,C,8.9,7.8,2.3,0.22916666666666666,Medium Usage,0.48333348952921495
Vasilije Micic,203995,29,2,21.99655172413793,0.782125459156376,19.9,11.9,31,2TM,PG,6.6,2.2,3.1,0.06896551724137931,Medium Usage,0.23224919125450308
Nikola Jokić,203999,70,67,57.46857142857143,1.8411964289082217,29.5,52.5,29,DEN,C,29.6,12.7,10.2,0.9571428571428572,High Usage,1.3275119624796008
Kristaps Porziņģis,204001,41,9,32.400000000000006,1.1104063280932568,25.9,28.400000000000002,29,BOS,C,19.5,6.8,2.1,0.21951219512195122,High Usage,0.49370814309372735
T.J. McConnell,204456,75,2,21.033333333333335,0.7262548030549101,23.4,15.9,32,IND,PG,9.1,2.4,4.4,0.02666666666666667,High Usage,0.13916463181473565
Tyus Jones,1626145,81,23,31.876543209876544,1.166260262548065,16.2,17.9,28,PHO,PG,10.2,2.4,5.3,0.2839506172839506,Medium Usage,0.575465308654019
Delon Wright,1626153,27,1,21.52962962962963,0.8183859987048424,11.3,6.699999999999999,32,2TM,PG,3.1,1.7,1.9,0.037037037037037035,Low Usage,0.1740993754860246
D'Angelo Russell,1626156,58,6,25.074137931034482,0.8618563555774725,24.0,20.5,28,2TM,PG,12.6,2.8,5.1,0.10344827586206896,High Usage,0.2985926221882513
Karl-Anthony Towns,1626157,72,55,44.97777777777778,1.4899895493796869,27.4,40.300000000000004,29,NYK,C,24.4,12.8,3.1,0.7638888888888888,High Usage,1.0668582198828978
Richaun Holmes,1626158,24,8,37.34166666666667,1.4087875564291388,14.7,14.500000000000002,31,WAS,PF,7.4,5.7,1.4,0.3333333333333333,Low Usage,0.6852706415300791
Kelly Oubre Jr.,1626162,60,25,35.016666666666666,1.2572009507419881,18.9,23.0,29,PHI,SF,15.1,6.1,1.8,0.4166666666666667,Medium Usage,0.723763586729692
Devin Booker,1626164,75,47,39.30266666666667,1.2631796746098685,29.3,36.800000000000004,28,PHO,SG,25.6,4.1,7.1,0.6266666666666667,High Usage,0.8897148959576044
Cameron Payne,1626166,50,1,20.06326530612245,0.6967189825213995,20.8,11.100000000000001,30,NYK,PG,6.9,1.4,2.8,0.02,Medium Usage,0.11804397337614483
Myles Turner,1626167,71,22,33.528169014084504,1.1885589621716308,20.7,23.6,28,IND,C,15.6,6.5,1.5,0.30985915492957744,Medium Usage,0.6068656157688266
Trey Lyles,1626168,58,14,27.570689655172412,1.026049273810627,14.3,12.299999999999999,29,SAC,PF,6.5,4.6,1.2,0.2413793103448276,Low Usage,0.4976615979681578
Bobby Portis,1626171,49,12,30.406122448979595,1.0443183013508057,24.1,24.400000000000002,29,MIL,PF,13.9,8.4,2.1,0.24489795918367346,High Usage,0.5057187170146789
Kevon Looney,1626172,61,16,31.765,1.2147088836122015,13.3,12.2,28,GSW,C,4.5,6.1,1.6,0.26229508196721313,Low Usage,0.5644574086619506
Terry Rozier,1626179,59,7,25.462711864406778,0.9053406050280771,20.4,16.900000000000002,30,MIA,PG,10.6,3.7,2.6,0.11864406779661017,Medium Usage,0.32773967126665526
Norman Powell,1626181,59,16,31.240677966101696,1.0596772810614565,26.1,27.1,31,LAC,SG,21.8,3.2,2.1,0.2711864406779661,High Usage,0.5360691281153589
Pat Connaughton,1626192,27,3,23.85925925925926,0.8734536314537322,15.6,9.7,32,MIL,SG,5.3,2.7,1.7,0.1111111111111111,Medium Usage,0.3115291374733014
Larry Nance Jr.,1626204,21,3,27.933333333333334,1.0221318662740762,15.7,14.4,32,ATL,PF,8.5,4.3,1.6,0.14285714285714285,Medium Usage,0.38212411339662106
Royce O'Neale,1626220,74,21,29.364864864864863,1.0792481963249214,15.5,16.0,31,PHO,SF,9.1,4.7,2.2,0.28378378378378377,Medium Usage,0.5534194944117077
Ben Simmons,1627732,50,18,34.275510204081634,1.2909657131213466,13.2,15.299999999999999,28,2TM,PG,5.0,4.7,5.6,0.36,Low Usage,0.6817240326728146
Domantas Sabonis,1627734,69,64,53.73768115942029,1.898199625148292,21.6,39.0,28,SAC,C,19.1,13.9,6.0,0.927536231884058,Medium Usage,1.3268944674214969
Malik Beasley,1627736,82,7,26.392682926829266,0.9230653719349922,22.5,20.6,28,DET,SG,16.3,2.6,1.7,0.08536585365853659,Medium Usage,0.28071028384771585
Kris Dunn,1627739,74,15,29.967567567567567,1.1471950270728937,12.7,12.600000000000001,30,LAC,PG,6.4,3.4,2.8,0.20270270270270271,Low Usage,0.4822235296154427
Buddy Hield,1627741,82,8,21.975609756097562,0.7761370527623914,20.5,15.9,32,GSW,SG,11.1,3.2,1.6,0.0975609756097561,Medium Usage,0.2751739233182891
Caris LeVert,1627747,64,11,26.94375,0.9608169988018799,19.4,18.7,30,2TM,SG,12.1,3.2,3.4,0.171875,Medium Usage,0.4063747305985857
Dejounte Murray,1627749,30,12,35.63666666666666,1.2032410459259058,27.3,31.4,28,NOP,PG,17.5,6.5,7.4,0.4,High Usage,0.6937553015079325
Jamal Murray,1627750,67,39,38.42985074626866,1.3139919772661375,24.0,31.299999999999997,27,DEN,PG,21.4,3.9,6.0,0.582089552238806,High Usage,0.8745633205733186
Jakob Poeltl,1627751,57,37,40.794736842105266,1.4663508090160848,18.7,26.900000000000002,29,TOR,C,14.5,9.6,2.8,0.6491228070175439,Medium Usage,0.9756237764737837
Taurean Prince,1627752,79,24,31.549367088607596,1.191175959957855,12.5,13.7,30,MIL,SF,8.2,3.6,1.9,0.3037974683544304,Low Usage,0.6015615022587921
Jaylen Brown,1627759,63,24,35.12063492063492,1.1422492642539026,28.9,32.5,28,BOS,SF,22.2,5.8,4.5,0.38095238095238093,High Usage,0.6596533762959373
Malcolm Brogdon,1627763,24,2,24.59583333333333,0.8502828889852759,23.7,20.6,32,WAS,PG,12.7,3.8,4.1,0.08333333333333333,High Usage,0.2661896080154889
Georges Niang,1627777,79,13,24.196202531645568,0.8733878930898984,17.9,14.700000000000001,31,2TM,PF,9.9,3.4,1.4,0.16455696202531644,Medium Usage,0.37910692206363833
Gary Payton II,1627780,43,1,23.009302325581395,0.8429550164762187,16.1,10.8,32,GSW,SG,6.5,3.0,1.3,0.023255813953488372,Medium Usage,0.1400128745306326
Pascal Siakam,1627783,78,33,36.91538461538462,1.271717364450198,24.2,30.5,30,IND,PF,20.2,6.9,3.4,0.4230769230769231,High Usage,0.7335081932569558
Guerschon Yabusele,1627824,68,22,32.44558823529412,1.1818330081667718,16.3,18.700000000000003,29,PHI,C,11.0,5.6,2.1,0.3235294117647059,Medium Usage,0.6183508210848503
Ivica Zubac,1627826,80,61,46.995,1.6785078352689584,19.5,32.1,27,LAC,C,16.8,12.6,2.7,0.7625,Medium Usage,1.131309959468483
Dorian Finney-Smith,1627827,63,18,30.760317460317463,1.1523847051073952,12.3,14.0,31,2TM,PF,8.7,3.9,1.4,0.2857142857142857,Low Usage,0.5738055183490546
Fred VanVleet,1627832,60,32,36.85,1.3320099612155472,17.7,23.4,30,HOU,PG,14.1,3.7,5.6,0.5333333333333333,Medium Usage,0.8428554518114549
Derrick Jones Jr.,1627884,77,8,24.82987012987013,0.906391516193998,16.5,14.3,27,LAC,SF,10.1,3.4,0.8,0.1038961038961039,Medium Usage,0.30687220000684123
Alex Caruso,1627936,51,5,23.798039215686277,0.8725360501799219,15.2,12.5,30,OKC,SG,7.1,2.9,2.5,0.09803921568627451,Medium Usage,0.29247692219667415
Lonzo Ball,1628366,34,1,25.93529411764706,0.9492475836836358,15.9,14.3,27,CHI,PG,7.6,3.4,3.3,0.029411764705882353,Medium Usage,0.16708993560035407
De'Aaron Fox,1628368,62,30,37.729032258064514,1.242940679254992,28.3,34.6,27,2TM,PG,23.5,4.8,6.3,0.4838709677419355,High Usage,0.7755146093510629
Jayson Tatum,1628369,72,54,42.85138888888889,1.333339662703048,31.2,41.5,26,BOS,PF,26.8,8.7,6.0,0.75,High Usage,1.000002373510826
Malik Monk,1628370,63,22,32.665079365079364,1.132170409738642,24.6,26.6,26,SAC,SG,17.2,3.8,5.6,0.3492063492063492,High Usage,0.628777461002132
Jonathan Isaac,1628371,54,4,21.60185185185185,0.7995103165317552,16.2,10.4,27,ORL,PF,5.4,4.4,0.6,0.07407407407407407,Medium Usage,0.2433577334085762
Lauri Markkanen,1628374,47,14,32.52765957446808,1.123782842452668,24.0,26.4,27,UTA,PF,19.0,5.9,1.5,0.2978723404255319,High Usage,0.5785705016775683
Donovan Mitchell,1628378,71,29,35.04929577464789,1.090964219060525,30.9,33.5,28,CLE,SG,24.0,4.5,5.0,0.4084507042253521,High Usage,0.6675365934238607
Luke Kennard,1628379,63,14,29.256451612903227,1.0789771497850962,14.5,15.0,28,MEM,SG,8.9,2.8,3.3,0.2222222222222222,Low Usage,0.4896659064630124
Zach Collins,1628380,46,8,26.921739130434784,0.9778670996453883,17.1,12.6,27,2TM,PF,6.4,4.5,1.7,0.17391304347826086,Medium Usage,0.41238797680896233
John Collins,1628381,40,18,35.6725,1.222052628660943,24.2,29.2,27,UTA,PF,19.0,8.2,2.0,0.45,High Usage,0.7415683939444995
OG Anunoby,1628384,74,34,35.65405405405406,1.2673700914626687,19.7,25.0,27,NYK,PF,18.0,4.8,2.2,0.4594594594594595,Medium Usage,0.763089232762803
Jarrett Allen,1628386,81,55,45.0395061728395,1.6473083530296755,15.9,25.099999999999998,26,CLE,C,13.5,9.7,1.9,0.6790123456790124,Medium Usage,1.057611794964159
Bam Adebayo,1628389,78,50,39.69358974358974,1.3757298864364564,23.5,32.0,27,MIA,C,18.1,9.6,4.3,0.6410256410256411,High Usage,0.9390836663104422
Isaiah Hartenstein,1628392,57,38,44.54210526315789,1.6254121398843067,16.7,25.7,26,OKC,C,11.2,10.7,3.8,0.6666666666666666,Medium Usage,1.0409649817626934
Kyle Kuzma,1628398,64,9,29.075,0.9928801977027965,24.0,22.8,29,2TM,PF,14.8,5.7,2.3,0.140625,High Usage,0.37366265240448604
Derrick White,1628401,76,41,37.33421052631579,1.3299320384509439,19.8,25.7,30,BOS,SG,16.4,4.5,4.8,0.5394736842105263,Medium Usage,0.8470320752679594
Josh Hart,1628404,77,64,54.43766233766234,2.003121708163868,15.3,29.1,29,NYK,SG,13.6,9.6,5.9,0.8311688311688312,Medium Usage,1.2903225677571772
Dillon Brooks,1628415,74,21,30.835135135135136,1.1125878248923293,17.7,19.4,29,HOU,SF,14.0,3.7,1.7,0.28378378378378377,Medium Usage,0.5619024672838828
Thomas Bryant,1628418,46,4,23.48478260869565,0.8521040944752502,17.1,11.100000000000001,27,2TM,C,6.5,3.8,0.8,0.08695652173913043,Medium Usage,0.27220581958370976
Monté Morris,1628420,29,0,16.275862068965516,0.5863497083155321,18.1,8.3,29,PHO,PG,5.2,1.5,1.6,0.0,Medium Usage,0.0
Luke Kornet,1628436,63,25,34.80634920634921,1.33284349471255,11.4,12.9,29,BOS,C,6.0,5.3,1.6,0.3968253968253968,Low Usage,0.7272593407412904
Chris Boucher,1628449,48,3,21.204166666666666,0.7478188871854127,21.2,15.2,32,TOR,PF,10.0,4.5,0.7,0.0625,Medium Usage,0.21619130521158406
Daniel Theis,1628464,32,7,28.484375,1.0936270208755474,11.6,10.2,32,NOP,C,4.3,4.3,1.6,0.21875,Low Usage,0.48911237033684396
Maxi Kleber,1628467,30,6,26.182758620689654,1.0428174311932652,8.7,7.1,33,DAL,PF,3.0,2.8,1.3,0.2,Low Usage,0.4566875148705656
Grayson Allen,1628960,64,9,26.440625,0.9606474639045344,17.6,15.7,29,PHO,SG,10.6,3.0,2.1,0.140625,Medium Usage,0.3675473433607909
Mo Bamba,1628964,21,1,23.215,0.8594163105184153,15.2,9.4,26,2TM,C,4.3,4.5,0.6,0.047619047619047616,Medium Usage,0.20229826053419894
Mikal Bridges,1628969,81,37,35.96296296296296,1.2827528642654444,19.6,24.5,28,NYK,SF,17.6,3.2,3.7,0.4567901234567901,Medium Usage,0.7654729513394732
Miles Bridges,1628970,64,26,35.0515625,1.1525215657755516,28.0,31.7,26,CHO,PF,20.3,7.5,3.9,0.40625,High Usage,0.6842601012015226
Bruce Brown,1628971,41,7,22.45609756097561,0.809086253152824,17.2,14.3,28,2TM,PG,8.3,4.0,2.0,0.17073170731707318,Medium Usage,0.37166742844585576
Jalen Brunson,1628973,65,32,38.43538461538462,1.2356990341945364,29.5,36.199999999999996,28,NYK,PG,26.0,2.9,7.3,0.49230769230769234,High Usage,0.7799641914287837
Wendell Carter Jr.,1628976,66,23,34.083333333333336,1.2537420052753465,16.0,18.3,25,ORL,C,9.1,7.2,2.0,0.3484848484848485,Medium Usage,0.6609917493792712
Donte DiVincenzo,1628978,61,7,28.06393442622951,1.0017475954696828,19.4,19.0,28,MIN,SG,11.7,3.7,3.6,0.11475409836065574,Medium Usage,0.33904961599016503
Shai Gilgeous-Alexander,1628983,76,62,44.421052631578945,1.2769062157791147,34.8,44.1,26,OKC,PG,32.7,5.0,6.4,0.8157894736842105,High Usage,1.020630515766867
Aaron Holiday,1628988,35,1,18.334285714285716,0.6686862869526833,16.8,8.1,28,HOU,PG,5.5,1.3,1.3,0.02857142857142857,Medium Usage,0.1382220043421538
Kevin Huerter,1628989,59,11,26.98983050847458,0.9752462703708656,17.5,15.2,26,2TM,SG,9.9,3.0,2.3,0.1864406779661017,Medium Usage,0.42641010287264103
Jaren Jackson Jr.,1628991,73,22,33.275342465753425,1.0841628738141067,28.1,29.799999999999997,25,MEM,C,22.2,5.6,2.0,0.3013698630136986,High Usage,0.5716065226761282
Caleb Martin,1628997,43,12,28.732558139534884,1.070697975157203,14.4,13.9,29,2TM,SF,7.9,3.9,2.1,0.27906976744186046,Low Usage,0.5466254978754572
Cody Martin,1628998,48,9,26.710416666666664,0.9847578736613731,14.7,13.0,29,2TM,SF,6.8,4.2,2.0,0.1875,Low Usage,0.4297000131620983
Shake Milton,1629003,33,3,24.266666666666666,0.8875894651821911,16.7,9.1,28,2TM,SG,5.5,1.8,1.8,0.09090909090909091,Medium Usage,0.28405976726773396
Svi Mykhailiuk,1629004,34,2,21.11470588235294,0.7465612466815454,20.3,13.200000000000001,27,UTA,SF,8.8,2.4,2.0,0.058823529411764705,Medium Usage,0.20955993761178593
Josh Okogie,1629006,29,2,19.882758620689657,0.7132785274205072,19.5,10.7,26,2TM,SG,7.1,2.8,0.8,0.06896551724137931,Medium Usage,0.2217918451628117
Michael Porter Jr.,1629008,77,39,38.40649350649351,1.3634452299908921,20.2,27.3,26,DEN,SF,18.2,7.0,2.1,0.5064935064935064,Medium Usage,0.8310091187525757
Collin Sexton,1629012,62,10,28.856451612903225,0.9690806148714305,27.0,25.299999999999997,26,UTA,SG,18.4,2.7,4.2,0.16129032258064516,High Usage,0.39535215312334265
Landry Shamet,1629013,33,2,18.025,0.6422301675941159,14.8,7.4,27,NYK,SG,5.7,1.2,0.5,0.06060606060606061,Low Usage,0.19728923047203933
Anfernee Simons,1629014,69,20,31.934782608695652,1.0941560451415757,24.6,26.8,25,POR,SG,19.3,2.7,4.8,0.2898550724637681,High Usage,0.5631577751848779
Gary Trent Jr.,1629018,72,7,24.981944444444444,0.9092417176980828,17.1,14.599999999999998,26,MIL,SG,11.1,2.3,1.2,0.09722222222222222,Medium Usage,0.29731885297060806
Jarred Vanderbilt,1629020,31,4,26.783870967741933,1.0210926354699754,12.5,10.299999999999999,25,LAL,PF,4.1,5.1,1.1,0.12903225806451613,Low Usage,0.3629791845929168
Moritz Wagner,1629021,29,2,23.272413793103446,0.7678807673160557,26.8,19.2,27,ORL,C,12.9,4.9,1.4,0.06896551724137931,High Usage,0.23012451911445467
P.J. Washington,1629023,57,25,35.56140350877193,1.2656092279049973,20.4,24.8,26,DAL,PF,14.7,7.8,2.3,0.43859649122807015,Medium Usage,0.7450448084679194
Kenrich Williams,1629026,55,6,23.668518518518518,0.8544608964754581,15.4,11.200000000000001,30,OKC,PF,6.3,3.5,1.4,0.10909090909090909,Medium Usage,0.3053095412514009
Trae Young,1629027,76,53,41.757894736842104,1.3278205795415912,29.6,38.9,26,ATL,PG,24.2,3.1,11.6,0.6973684210526315,High Usage,0.9622786192138478
Deandre Ayton,1629028,40,26,37.64,1.3415481563936775,19.4,26.200000000000003,26,POR,C,14.4,10.2,1.6,0.65,Medium Usage,0.933812776554214
Luka Dončić,1629029,50,40,44.364,1.3061378441206914,33.9,44.1,25,2TM,PG,28.2,8.2,7.7,0.8,High Usage,1.0222085282840059
Goga Bitadze,1629048,59,29,36.69827586206897,1.3672654267174609,14.3,15.8,25,ORL,C,7.2,6.6,2.0,0.4915254237288136,Low Usage,0.8197839460596048
Rui Hachimura,1629060,59,20,34.68474576271186,1.2690959972076132,15.8,19.5,26,LAL,PF,13.1,5.0,1.4,0.3389830508474576,Medium Usage,0.6558978830212316
Duncan Robinson,1629130,72,12,23.640277777777776,0.8455659456760759,19.2,15.700000000000001,30,MIA,SF,11.0,2.3,2.4,0.16666666666666666,Medium Usage,0.37540332658712455
Gabe Vincent,1629216,70,6,19.811940298507466,0.7184177038785812,13.5,9.1,28,LAL,PG,6.4,1.3,1.4,0.08571428571428572,Low Usage,0.24815047921059877
Drew Eubanks,1629234,34,4,25.61176470588235,0.9502990177358072,15.1,9.200000000000001,27,2TM,C,4.6,3.7,0.9,0.11764705882352941,Medium Usage,0.3343648971400956
Haywood Highsmith,1629312,68,18,30.291176470588237,1.152463963980825,11.3,11.4,28,MIA,SF,6.5,3.4,1.5,0.2647058823529412,Low Usage,0.5523259820663088
Amir Coffey,1629599,69,7,24.343478260869567,0.897309255008376,15.3,12.999999999999998,27,LAC,SG,9.7,2.2,1.1,0.10144927536231885,Medium Usage,0.30171405949425345
DaQuan Jeffries,1629610,43,1,23.674418604651162,0.8857378748436926,13.5,10.7,27,CHO,SG,6.7,2.9,1.1,0.023255813953488372,Low Usage,0.14352196775728474
Terance Mann,1629611,63,4,24.66349206349206,0.9100106639658752,14.7,12.5,28,2TM,SG,7.7,3.0,1.8,0.06349206349206349,Low Usage,0.24037149343251207
Andrew Nembhard,1629614,64,19,33.059375,1.2110493640788291,16.3,18.3,25,IND,SG,10.0,3.3,5.0,0.296875,Medium Usage,0.5996084388673182
Jalen Pickett,1629618,27,4,25.09259259259259,0.9451903126904354,13.2,7.7,25,DEN,SG,4.1,1.4,2.2,0.14814814814814814,Low Usage,0.3742034132295657
Max Strus,1629622,50,13,32.832,1.2147702998027974,14.7,16.9,28,CLE,SF,9.4,4.3,3.2,0.26,Low Usage,0.5619966885567275
Zion Williamson,1629627,30,17,37.39,1.0804145315285714,34.7,37.1,24,NOP,PF,24.6,7.2,5.3,0.5666666666666667,High Usage,0.7824544083839797
RJ Barrett,1629628,58,22,35.001724137931035,1.1501684010325262,28.7,32.800000000000004,24,TOR,SF,21.1,6.3,5.4,0.3793103448275862,High Usage,0.660507965739582
Cam Reddish,1629629,27,4,23.743478260869566,0.8213606367907479,8.8,5.9,25,LAL,SF,3.2,2.0,0.7,0.14814814814814814,Low Usage,0.34883098672900753
Ja Morant,1629630,50,20,36.156,1.0941554033028915,32.2,34.599999999999994,25,MEM,PG,23.2,4.1,7.3,0.4,High Usage,0.6615603988459078
De'Andre Hunter,1629631,64,9,28.7921875,1.0045608451249914,22.8,22.4,27,2TM,SF,17.0,4.0,1.4,0.140625,Medium Usage,0.3758541856168452
Coby White,1629632,74,27,33.89324324324324,1.1722314064989012,24.4,28.599999999999998,24,CHI,SG,20.4,3.7,4.5,0.36486486486486486,High Usage,0.6539923957681558
Brandon Clarke,1629634,59,11,28.091525423728815,1.0306126461818303,15.3,14.4,28,MEM,PF,8.3,5.1,1.0,0.1864406779661017,Medium Usage,0.43834703201296865
Darius Garland,1629636,75,22,33.584,1.120706358106475,27.2,30.2,25,CLE,PG,20.6,2.9,6.7,0.29333333333333333,High Usage,0.5733589902593598
Jaxson Hayes,1629637,52,16,30.176923076923078,1.1390737299466187,12.4,12.6,24,LAL,C,6.8,4.8,1.0,0.3076923076923077,Low Usage,0.5920170813405299
Nickeil Alexander-Walker,1629638,82,15,27.353658536585368,1.001244513678165,16.0,15.3,26,MIN,SG,9.4,3.2,2.7,0.18292682926829268,Medium Usage,0.4279655175471739
Tyler Herro,1629639,77,39,37.775324675324676,1.2502217783243277,28.0,34.599999999999994,25,MIA,SG,23.9,5.2,5.5,0.5064935064935064,High Usage,0.7957570058743033
Keldon Johnson,1629640,74,4,26.01891891891892,0.9140758149985302,21.6,19.1,25,SAS,SF,12.7,4.8,1.6,0.05405405405405406,Medium Usage,0.22228248584500324
Kevin Porter Jr.,1629645,71,3,21.387323943661972,0.7263048587760277,25.4,17.4,24,2TM,SG,10.3,3.7,3.4,0.04225352112676056,High Usage,0.17518258387968175
Nic Claxton,1629651,69,23,34.685507246376815,1.2672702950744492,16.8,19.900000000000002,25,BRK,C,10.3,7.4,2.2,0.3333333333333333,Medium Usage,0.6499410986323938
Luguentz Dort,1629652,71,23,32.90985915492958,1.2314527849355275,13.6,15.799999999999999,25,OKC,SF,10.1,4.1,1.6,0.323943661971831,Low Usage,0.6316021886420474
Daniel Gafford,1629655,54,13,32.62641509433962,1.1444661029335745,19.5,20.5,26,DAL,C,12.3,6.8,1.4,0.24074074074074073,Medium Usage,0.5248996259980545
Quentin Grimes,1629656,70,18,30.788571428571426,1.0569847830000347,22.8,21.9,24,2TM,SG,14.6,4.3,3.0,0.2571428571428571,Medium Usage,0.5213406631533279
Talen Horton-Tucker,1629659,29,2,22.086206896551722,0.7759750633253186,21.6,9.6,24,CHI,SG,6.5,1.7,1.4,0.06896551724137931,Medium Usage,0.23133422057413525
Ty Jerome,1629660,65,5,24.329230769230772,0.8383289551407791,23.6,18.4,27,CLE,SG,12.5,2.5,3.4,0.07692307692307693,High Usage,0.25394259725996515
Cameron Johnson,1629661,57,19,34.04912280701754,1.1864125215022832,22.9,26.5,28,BRK,PF,18.8,4.3,3.4,0.3333333333333333,Medium Usage,0.6288647235302367
Jordan Poole,1629673,67,10,30.31641791044776,0.9735724282015583,29.0,28.0,25,WAS,SG,20.5,3.0,4.5,0.14925373134328357,High Usage,0.3811945928814096
Neemias Queta,1629674,35,8,30.340000000000003,1.1513284046707881,13.7,9.5,25,BOS,C,5.0,3.8,0.7,0.22857142857142856,Low Usage,0.5129919864973194
Naz Reid,1629675,79,20,30.650632911392407,1.0836731262461547,21.5,22.5,25,MIN,C,14.2,6.0,2.3,0.25316455696202533,Medium Usage,0.5237820414044001
John Konchar,1629723,23,12,37.278260869565216,1.470164605279176,8.0,6.6,28,MEM,SG,2.4,3.3,0.9,0.5217391304347826,Low Usage,0.8758095699148033
Garrison Mathews,1629726,35,1,23.150000000000002,0.8234527524368823,15.9,10.700000000000001,28,ATL,SG,7.5,1.9,1.3,0.02857142857142857,Medium Usage,0.1533858582079738
Dean Wade,1629731,56,15,31.460714285714285,1.2206770099074942,10.4,10.900000000000002,28,CLE,PF,5.4,4.2,1.3,0.26785714285714285,Low Usage,0.5718103323876036
Javonte Green,1629750,52,5,26.547058823529415,1.0097487828757064,11.8,9.100000000000001,31,2TM,SG,5.1,3.2,0.8,0.09615384615384616,Low Usage,0.3115946551574081
Anthony Edwards,1630162,79,43,39.34177215189873,1.2146501948852408,31.4,37.800000000000004,23,MIN,SG,27.6,5.7,4.5,0.5443037974683544,High Usage,0.813104368252756
LaMelo Ball,1630163,45,27,39.24888888888889,1.106220203467473,35.9,37.5,23,CHO,PG,25.2,4.9,7.4,0.6,High Usage,0.8146975647935152
Deni Avdija,1630166,71,30,35.52957746478873,1.233044560894888,23.2,28.099999999999998,24,POR,SF,16.9,7.3,3.9,0.4225352112676056,High Usage,0.7218065835388962
Obi Toppin,1630167,76,7,23.89342105263158,0.8496651282220246,20.1,16.1,26,IND,PF,10.5,4.0,1.6,0.09210526315789473,Medium Usage,0.2797474400793972
Onyeka Okongwu,1630168,74,40,39.92162162162162,1.444570000190066,17.3,24.6,24,ATL,C,13.4,8.9,2.3,0.5405405405405406,Medium Usage,0.8836564087649607
Tyrese Haliburton,1630169,73,48,41.24109589041096,1.4509136174381947,21.6,31.3,24,IND,PG,18.6,3.5,9.2,0.6575342465753424,Medium Usage,0.9767422343116571
Devin Vassell,1630170,64,13,29.890625,1.0475434144180018,22.1,23.2,24,SAS,SG,16.3,4.0,2.9,0.203125,Medium Usage,0.46128327094493315
Isaac Okoro,1630171,49,7,25.055102040816326,0.9555911083030324,12.5,9.7,24,CLE,SG,6.1,2.4,1.2,0.14285714285714285,Low Usage,0.36947667784565474
Patrick Williams,1630172,63,8,24.957142857142856,0.9078539189638669,16.9,14.8,23,CHI,PF,9.0,3.8,2.0,0.12698412698412698,Medium Usage,0.3395335584721266
Precious Achiuwa,1630173,45,13,30.70888888888889,1.1444200503360735,14.9,13.2,25,NYK,C,6.6,5.6,1.0,0.28888888888888886,Low Usage,0.5749871622599539
Aaron Nesmith,1630174,42,5,28.15952380952381,1.0179243886065132,17.4,17.2,25,IND,SF,12.0,4.0,1.2,0.11904761904761904,Medium Usage,0.34811129661949886
Cole Anthony,1630175,49,7,23.989795918367346,0.8197546567364361,24.6,15.3,24,ORL,PG,9.4,3.0,2.9,0.14285714285714285,High Usage,0.34221018118285895
Tyrese Maxey,1630178,52,30,38.01538461538461,1.200681115778104,29.8,35.7,24,PHI,PG,26.3,3.3,6.1,0.5769230769230769,High Usage,0.8322863952499385
Josh Green,1630182,67,14,27.670149253731346,1.0502568805655206,11.8,11.5,24,CHO,SG,7.4,2.5,1.6,0.208955223880597,Low Usage,0.4684620172550874
Jaden McDaniels,1630183,82,35,34.43658536585366,1.2575301000601438,16.3,19.9,24,MIN,PF,12.2,5.7,2.0,0.4268292682926829,Medium Usage,0.7326326859106789
Jalen Smith,1630188,58,4,22.71206896551724,0.809572669195844,21.0,14.799999999999999,24,CHI,C,8.2,5.6,1.0,0.06896551724137931,Medium Usage,0.23628922505178998
Isaiah Stewart,1630191,68,22,31.920588235294115,1.20875950808908,12.4,13.2,23,DET,C,6.0,5.5,1.7,0.3235294117647059,Low Usage,0.6253553011025454
Zeke Nnaji,1630192,21,3,23.485714285714284,0.8899886523587005,12.2,5.200000000000001,24,DEN,PF,3.2,1.6,0.4,0.14285714285714285,Low Usage,0.35656869752018744
Immanuel Quickley,1630193,33,5,30.578787878787878,1.0367205052719521,25.1,26.400000000000002,25,TOR,PG,17.1,3.5,5.8,0.15151515151515152,High Usage,0.3963317605682697
Isaiah Joe,1630198,72,6,23.88888888888889,0.8656046996165029,17.2,14.399999999999999,25,OKC,SG,10.2,2.6,1.6,0.08333333333333333,Medium Usage,0.2685772234722109
Tre Jones,1630200,46,13,28.580434782608698,1.068241646912189,14.1,13.899999999999999,25,2TM,PG,7.2,2.5,4.2,0.2826086956521739,Low Usage,0.549449159135933
Payton Pritchard,1630202,79,25,32.925316455696205,1.1810311161805074,19.0,21.6,27,BOS,PG,14.3,3.8,3.5,0.31645569620253167,Medium Usage,0.6113460755642057
Nick Richards,1630208,55,17,31.381818181818183,1.1376826862672509,17.3,18.4,27,2TM,C,9.3,8.2,0.9,0.3090909090909091,Medium Usage,0.5929986304835215
Jared Butler,1630215,37,3,26.10810810810811,0.8995785177030332,23.6,14.5,24,2TM,SG,9.0,1.8,3.7,0.08108108108108109,High Usage,0.27007183994759315
Desmond Bane,1630217,69,37,38.13333333333333,1.3244786036048029,23.3,30.599999999999998,26,MEM,SG,19.2,6.1,5.3,0.5362318840579711,High Usage,0.842750056069695
Jalen Green,1630224,82,23,31.713414634146343,1.0566621736966613,27.3,29.0,22,HOU,SG,21.0,4.6,3.4,0.2804878048780488,High Usage,0.5444087192522215
Jonathan Kuminga,1630228,46,5,24.64782608695652,0.8249831556518076,27.4,22.099999999999998,22,GSW,PF,15.3,4.6,2.2,0.10869565217391304,High Usage,0.29945297149313116
Naji Marshall,1630230,69,14,30.185507246376815,1.0766186390085648,20.0,21.0,27,DAL,SF,13.2,4.8,3.0,0.2028985507246377,Medium Usage,0.4673803178761058
KJ Martin,1630231,40,6,28.284615384615382,1.0602841505460605,11.5,10.4,24,2TM,PF,6.4,2.9,1.1,0.15,Low Usage,0.3988014826726564
Sam Merrill,1630241,68,3,22.88823529411765,0.8547431092050101,14.3,10.9,28,CLE,SG,7.2,2.2,1.5,0.04411764705882353,Low Usage,0.19418870929554088
Ayo Dosunmu,1630245,46,17,34.2,1.240649822316092,16.6,20.3,25,CHI,SG,12.3,3.5,4.5,0.3695652173913043,Medium Usage,0.6771270348248766
Vít Krejčí,1630249,48,11,30.538297872340426,1.1385078307420349,12.9,12.5,24,ATL,PG,7.2,2.7,2.6,0.22916666666666666,Low Usage,0.510791586212077
Jae'Sean Tate,1630256,26,2,23.215384615384615,0.8778954757809938,13.3,6.800000000000001,29,HOU,SF,3.6,2.3,0.9,0.07692307692307693,Low Usage,0.25986616019390174
Jeff Dowtin Jr.,1630288,25,3,22.828000000000003,0.8197425204578935,18.6,10.4,27,PHI,PG,7.0,1.5,1.9,0.12,Medium Usage,0.31363849007248334
Lindy Waters III,1630322,32,2,20.690625,0.7639844104822152,14.8,8.0,27,2TM,SG,4.9,2.1,1.0,0.0625,Low Usage,0.2185155043815849
Jeremiah Robinson-Earl,1630526,51,16,31.07843137254902,1.1702893282911075,14.4,12.4,24,NOP,PF,6.3,4.8,1.3,0.3137254901960784,Low Usage,0.6059287030578491
Brandon Boston,1630527,37,6,25.416216216216217,0.9000757503331811,20.0,16.099999999999998,23,NOP,SG,10.7,3.2,2.2,0.16216216216216217,Medium Usage,0.3820448007547794
Herbert Jones,1630529,20,8,32.825,1.2097434814904235,14.6,17.5,26,NOP,SF,10.3,3.9,3.3,0.4,Low Usage,0.6956273374416574
Trey Murphy III,1630530,52,24,37.32115384615385,1.2986370473044093,23.7,29.799999999999997,24,NOP,SF,21.2,5.1,3.5,0.46153846153846156,High Usage,0.7741905094417829
Franz Wagner,1630532,59,25,36.37118644067797,1.1278791604944451,31.0,34.6,23,ORL,SF,24.2,5.7,4.7,0.423728813559322,High Usage,0.6913138928985844
Ziaire Williams,1630533,61,7,25.27704918032787,0.9084395087426617,18.2,15.9,23,BRK,SF,10.0,4.6,1.3,0.11475409836065574,Medium Usage,0.32287328279212135
Ochai Agbaji,1630534,62,17,31.246774193548386,1.1566643832499932,14.6,15.7,24,TOR,SG,10.4,3.8,1.5,0.27419354838709675,Low Usage,0.5631606445200946
Miles McBride,1630540,63,8,25.168253968253968,0.9127317228266002,16.8,14.9,24,NYK,SG,9.5,2.5,2.9,0.12698412698412698,Medium Usage,0.3404444756400873
Moses Moody,1630541,68,6,23.7,0.8577303125224164,17.4,13.700000000000001,22,GSW,SG,9.8,2.6,1.3,0.08823529411764706,Medium Usage,0.27510377387276375
Johnny Juzang,1630548,60,2,21.928333333333335,0.7913551104889668,17.6,12.9,23,UTA,SG,8.9,2.9,1.1,0.03333333333333333,Medium Usage,0.1624146042785733
Day'Ron Sharpe,1630549,46,4,25.37391304347826,0.9069184739805916,19.9,16.3,23,BRK,C,7.9,6.6,1.8,0.08695652173913043,Medium Usage,0.28082463566844046
Justin Champagnie,1630551,50,17,33.39,1.2335451437790002,15.6,15.5,23,WAS,SF,8.8,5.7,1.0,0.34,Medium Usage,0.647615124039626
Jalen Johnson,1630552,35,28,45.065714285714286,1.5755469037029344,22.5,33.9,23,ATL,SF,18.9,10.0,5.0,0.8,Medium Usage,1.1226920873339883
Keon Johnson,1630553,71,4,24.429577464788732,0.8547074265372091,21.7,16.599999999999998,22,BRK,SG,10.6,3.8,2.2,0.056338028169014086,Medium Usage,0.2194368498509738
Kessler Edwards,1630556,24,9,35.23913043478261,1.3540060567087948,11.1,8.2,24,DAL,SF,4.2,2.9,1.1,0.375,Low Usage,0.7125673801583946
Corey Kispert,1630557,60,8,26.265,0.9485138728909005,17.5,16.3,25,WAS,SF,11.6,3.0,1.7,0.13333333333333333,Medium Usage,0.3556241223334736
Davion Mitchell,1630558,72,22,31.89305555555556,1.1888554728268705,13.6,15.1,26,2TM,PG,7.9,2.3,4.9,0.3055555555555556,Low Usage,0.6027117009606476
Austin Reaves,1630559,72,42,38.236111111111114,1.3172801883031409,23.7,30.5,26,LAL,SG,20.2,4.5,5.8,0.5833333333333334,High Usage,0.8765919479306391
Cam Thomas,1630560,25,6,31.984,0.940491032702863,32.6,31.1,23,BRK,SG,24.0,3.3,3.8,0.24,High Usage,0.4750977245248467
Scottie Barnes,1630567,65,29,36.42307692307692,1.2166968467437551,27.0,32.8,23,TOR,PF,19.3,7.7,5.8,0.4461538461538462,High Usage,0.7367726771386023
Trendon Watford,1630570,42,0,21.557142857142857,0.7496876075751436,23.3,16.4,24,BRK,PF,10.2,3.6,2.6,0.0,High Usage,0.0
Sandro Mamukelashvili,1630572,29,1,21.43103448275862,0.7559873672033168,20.8,10.200000000000001,25,SAS,PF,6.3,3.1,0.8,0.034482758620689655,Medium Usage,0.1614575173337019
Sam Hauser,1630573,66,8,26.48125,0.9684582558640787,14.3,12.6,27,BOS,PF,8.5,3.2,0.9,0.12121212121212122,Low Usage,0.34262060577069237
Julian Champagnie,1630577,79,9,25.153164556962025,0.9094375253896566,17.2,15.200000000000001,23,SAS,SF,9.9,3.9,1.4,0.11392405063291139,Medium Usage,0.3218801122933209
Alperen Sengun,1630578,75,44,40.09466666666667,1.3519255892505055,26.2,34.300000000000004,22,HOU,C,19.1,10.3,4.9,0.5866666666666667,High Usage,0.8905782834916666
Jericho Sims,1630579,30,11,37.218518518518515,1.5089959919654992,7.6,6.1,26,2TM,C,1.8,3.7,0.6,0.36666666666666664,Low Usage,0.743840393086682
Josh Giddey,1630581,70,36,39.75,1.4002809740198252,21.7,29.9,22,CHI,PG,14.6,8.1,7.2,0.5142857142857142,Medium Usage,0.8486132811384002
Santi Aldama,1630583,64,27,34.05625,1.2253151719918618,18.5,21.799999999999997,24,MEM,PF,12.5,6.4,2.9,0.421875,Medium Usage,0.718978329425906
Scotty Pippen Jr.,1630590,73,10,27.65890410958904,0.9916119633569541,19.3,17.6,24,MEM,PG,9.9,3.3,4.4,0.136986301369863,Medium Usage,0.36856106041520076
Jalen Suggs,1630591,34,6,27.426470588235293,0.9028103554734572,27.5,23.9,23,ORL,PG,16.2,4.0,3.7,0.17647058823529413,High Usage,0.3991484366690116
Jalen Wilson,1630592,77,14,26.18311688311688,0.9566181059439829,16.6,14.700000000000001,24,BRK,PF,9.5,3.4,1.8,0.18181818181818182,Medium Usage,0.4170498348124452
Cade Cunningham,1630595,70,51,42.19857142857143,1.2652287093218384,33.2,41.300000000000004,23,DET,PG,26.1,6.1,9.1,0.7285714285714285,High Usage,0.9601091022483833
Evan Mobley,1630596,71,43,38.55492957746479,1.3370597000140096,23.2,31.0,23,CLE,PF,18.5,9.3,3.2,0.6056338028169014,High Usage,0.8998714078759865
Aaron Wiggins,1630598,73,11,26.232876712328768,0.9249327022086659,20.3,17.7,26,OKC,SG,12.0,3.9,1.8,0.1506849315068493,Medium Usage,0.3733274981577942
Gui Santos,1630611,32,3,26.05,0.9647229845735057,13.2,8.6,22,GSW,PF,4.1,3.1,1.4,0.09375,Low Usage,0.30073706090830604
Dalano Banton,1630625,45,0,20.866666666666667,0.7066925558462555,24.1,12.700000000000001,25,POR,PG,8.3,2.0,2.4,0.0,High Usage,0.0
Jose Alvarado,1630631,56,11,26.026785714285715,0.9233946420349338,19.8,17.3,26,NOP,PG,10.3,2.4,4.6,0.19642857142857142,Medium Usage,0.4258885891870304
Jay Huff,1630643,34,3,21.74705882352941,0.77157532361576,19.6,9.5,26,MEM,C,6.9,2.0,0.6,0.08823529411764706,Medium Usage,0.2609217806415465
Jordan Goodwin,1630692,23,4,26.808695652173913,1.0149907473589435,14.1,10.9,26,LAL,PG,5.6,3.9,1.4,0.17391304347826086,Low Usage,0.42014298753575363
Micah Potter,1630695,30,7,27.466666666666665,1.0482230917339281,10.3,9.4,26,UTA,C,4.3,4.3,0.8,0.23333333333333334,Low Usage,0.4945557481935175
Dyson Daniels,1630700,76,39,37.99078947368421,1.366532214847318,18.2,24.4,21,ATL,SG,14.1,5.9,4.4,0.5131578947368421,Medium Usage,0.837404797252275
Jaden Hardy,1630702,39,0,18.93846153846154,0.6418370564931748,25.3,11.7,22,DAL,SG,8.7,1.6,1.4,0.0,High Usage,0.0
Scoot Henderson,1630703,66,11,26.775757575757577,0.931883249275335,22.5,20.799999999999997,20,POR,PG,12.7,3.0,5.1,0.16666666666666666,Medium Usage,0.3940988135978368
Keaton Wallace,1630811,22,3,22.936363636363634,0.8495606450076612,16.4,9.6,25,ATL,PG,5.4,1.6,2.6,0.13636363636363635,Medium Usage,0.34036624225190293
Jaden Ivey,1631093,30,6,29.173333333333336,0.9862780371319138,26.0,25.700000000000003,22,DET,SG,17.6,4.1,4.0,0.2,High Usage,0.44413467262349915
Paolo Banchero,1631094,46,24,38.94347826086957,1.1346582588172365,33.6,38.199999999999996,22,ORL,PF,25.9,7.5,4.8,0.5217391304347826,High Usage,0.7694125117880196
Jabari Smith Jr.,1631095,57,18,34.333333333333336,1.24751787152873,16.4,20.3,21,HOU,PF,12.2,7.0,1.1,0.3157894736842105,Medium Usage,0.6276567629379167
Chet Holmgren,1631096,31,9,33.49677419354839,1.1792680067662755,22.0,25.0,22,OKC,C,15.0,8.0,2.0,0.2903225806451613,Medium Usage,0.585122321396698
Bennedict Mathurin,1631097,72,12,29.569444444444443,1.0349270595633773,22.8,23.3,22,IND,SF,16.1,5.3,1.9,0.16666666666666666,Medium Usage,0.41531655789356975
Keegan Murray,1631099,76,38,37.294736842105266,1.365501096115384,15.0,20.5,24,SAC,PF,12.4,6.7,1.4,0.5,Low Usage,0.8262872067614819
Shaedon Sharpe,1631101,72,15,30.237499999999997,1.0290340102238131,25.1,25.8,21,POR,SG,18.5,4.5,2.8,0.20833333333333334,High Usage,0.46301413095422306
Blake Wesley,1631104,26,1,19.873076923076926,0.7262787736448999,16.7,6.800000000000001,21,SAS,SG,3.7,1.1,2.0,0.038461538461538464,Medium Usage,0.16713407488104365
Jalen Duren,1631105,75,54,44.5,1.6234870331709852,16.4,24.8,21,DET,C,11.8,10.3,2.7,0.72,Medium Usage,1.0811617195790413
Tari Eason,1631106,57,10,29.210526315789473,1.045767425630879,19.4,19.9,23,HOU,PF,12.0,6.4,1.5,0.17543859649122806,Medium Usage,0.4283316114985283
Nikola Jović,1631107,42,12,29.759523809523813,1.0737195712157712,18.3,17.4,21,MIA,PF,10.7,3.9,2.8,0.2857142857142857,Medium Usage,0.5538745528974618
Max Christie,1631108,73,16,28.941095890410956,1.0669026256321565,15.2,14.799999999999999,21,2TM,SG,9.6,3.3,1.9,0.2191780821917808,Medium Usage,0.4835717851275357
Mark Williams,1631109,41,23,39.5219512195122,1.3957836031975006,21.4,28.0,23,CHO,C,15.3,10.2,2.5,0.5609756097560976,Medium Usage,0.8848731874631985
Jeremy Sochan,1631110,54,15,30.544444444444448,1.0978089819192591,19.0,20.299999999999997,21,SAS,PF,11.4,6.5,2.4,0.2777777777777778,Medium Usage,0.5522200099797331
Wendell Moore Jr.,1631111,21,4,24.395238095238092,0.9101877768221865,13.8,8.0,23,2TM,SG,4.2,2.6,1.2,0.19047619047619047,Low Usage,0.41637615247163606
Jalen Williams,1631114,69,20,35.15797101449275,1.175865599857933,27.5,32.0,23,OKC,SG,21.6,5.3,5.1,0.2898550724637681,High Usage,0.5838069960650295
Orlando Robinson,1631115,33,6,26.672727272727276,0.9619634212856036,18.5,13.700000000000001,24,2TM,C,6.9,5.0,1.8,0.18181818181818182,Medium Usage,0.4182133907872225
Walker Kessler,1631117,58,45,51.48275862068966,1.9171616171873165,13.7,24.999999999999996,23,UTA,C,11.1,12.2,1.7,0.7758620689655172,Low Usage,1.2196118148215145
Jaylin Williams,1631119,32,13,36.4125,1.3645557805969104,14.6,14.1,22,OKC,PF,5.9,5.6,2.6,0.40625,Low Usage,0.7445473697942226
Julian Strawther,1631124,60,1,20.483333333333334,0.7390564290190335,17.8,12.5,22,DEN,SG,9.0,2.2,1.3,0.016666666666666666,Medium Usage,0.11098471584104373
Christian Braun,1631128,79,49,40.677215189873415,1.483193182626939,15.8,23.200000000000003,23,DEN,SG,15.4,5.2,2.6,0.620253164556962,Medium Usage,0.959142984738809
Jabari Walker,1631133,31,3,25.174193548387095,0.9278204822225762,16.3,9.299999999999999,22,POR,PF,5.2,3.5,0.6,0.0967741935483871,Medium Usage,0.2996482586713386
Ryan Rollins,1631157,34,4,22.829411764705885,0.8235708783302523,18.4,10.0,22,MIL,PG,6.2,1.9,1.9,0.11764705882352941,Medium Usage,0.3112726964708999
Keon Ellis,1631165,74,20,29.104054054054053,1.0970785707360073,12.7,12.5,25,SAC,SG,8.3,2.7,1.5,0.2702702702702703,Low Usage,0.544525226064452
Jaime Jaquez Jr.,1631170,56,5,25.3,0.8954423711180721,20.2,15.5,23,MIA,SF,8.6,4.4,2.5,0.08928571428571429,Medium Usage,0.2827546846773201
Kris Murray,1631200,46,3,21.23913043478261,0.7877877320522152,13.9,7.800000000000001,24,POR,SF,4.2,2.6,1.0,0.06521739130434782,Low Usage,0.22666596741905043
Marcus Sasser,1631204,34,0,19.75588235294118,0.7013550545262308,19.4,10.1,24,DET,PG,6.6,1.2,2.3,0.0,Medium Usage,0.0
Dalen Terry,1631207,49,1,18.599999999999998,0.68823790708136,14.9,7.5,22,CHI,SG,4.5,1.7,1.3,0.02040816326530612,Low Usage,0.11851443613791941
Peyton Watson,1631212,67,12,25.943283582089553,0.9606221054551217,13.9,12.9,22,DEN,SF,8.1,3.4,1.4,0.1791044776119403,Low Usage,0.4147911768348283
Tyrese Martin,1631213,56,3,23.310714285714287,0.8339833233371227,18.8,14.399999999999999,25,BRK,SG,8.7,3.7,2.0,0.05357142857142857,Medium Usage,0.2113709488929765
Caleb Houstan,1631216,29,4,25.14814814814815,0.8844752149939873,11.7,5.999999999999999,22,ORL,SF,4.1,1.3,0.6,0.13793103448275862,Low Usage,0.34928009015470807
Moussa Diabaté,1631217,53,18,35.130188679245286,1.3419404851916066,13.4,12.700000000000001,23,CHO,C,5.7,6.2,0.8,0.33962264150943394,Low Usage,0.6750950839172397
Trayce Jackson-Davis,1631218,41,13,30.92439024390244,1.128397597479236,17.1,13.299999999999999,24,GSW,C,6.6,5.0,1.7,0.3170731707317073,Medium Usage,0.5981509876935607
Jake LaRavia,1631222,59,18,29.760344827586206,1.0926637147164686,14.4,13.200000000000001,23,2TM,PF,6.9,3.9,2.4,0.3050847457627119,Low Usage,0.5773690601412707
Mouhamed Gueye,1631243,25,2,22.695999999999998,0.8266317832801988,15.7,11.0,22,ATL,PF,6.0,4.2,0.8,0.08,Medium Usage,0.2571585943778973
Vince Williams Jr.,1631246,26,2,21.79615384615385,0.7973216517368716,17.0,12.2,24,MEM,SG,6.6,3.6,2.0,0.07692307692307693,Medium Usage,0.24765386075930682
Karlo Matković,1631255,34,8,29.052941176470586,1.0629998216397076,15.9,13.799999999999999,23,NOP,PF,7.7,5.0,1.1,0.23529411764705882,Medium Usage,0.5001175912639906
AJ Green,1631260,69,10,25.469565217391306,0.9540789566617518,12.6,11.3,25,MIL,SG,7.4,2.4,1.5,0.14492753623188406,Low Usage,0.37184985217110705
Simone Fontecchio,1631323,65,2,18.4,0.6747337644392903,15.8,9.700000000000001,29,DET,SF,5.9,2.9,0.9,0.03076923076923077,Medium Usage,0.1440869144156551
Victor Wembanyama,1641705,46,30,40.96739130434783,1.2751272932662128,30.4,39.0,21,SAS,C,24.3,11.0,3.7,0.6521739130434783,High Usage,0.9119236571544599
Brandon Miller,1641706,26,8,33.77307692307692,1.112779736862526,27.7,29.5,22,CHO,SF,21.0,4.9,3.6,0.3076923076923077,High Usage,0.5851442259720843
Amen Thompson,1641708,69,46,42.69565217391305,1.5473756289892266,17.5,26.099999999999998,22,HOU,SF,14.1,8.2,3.8,0.6666666666666666,Medium Usage,1.0156691157357718
Ausar Thompson,1641709,58,7,27.07241379310345,0.9726811030758913,19.1,17.5,22,DET,SF,10.1,5.1,2.3,0.1206896551724138,Medium Usage,0.3426259577483183
Anthony Black,1641710,77,5,22.928947368421053,0.8146896293661311,19.6,15.4,21,ORL,PG,9.4,2.9,3.1,0.06493506493506493,Medium Usage,0.23000418253765234
Gradey Dick,1641711,54,4,26.572222222222223,0.9340678958143618,21.0,19.8,21,TOR,SG,14.4,3.6,1.8,0.07407407407407407,Medium Usage,0.2630403286660955
Cam Whitmore,1641715,34,2,21.93235294117647,0.7591426150964153,23.9,13.4,20,HOU,SF,9.4,3.0,1.0,0.058823529411764705,High Usage,0.21131835686198197
Jarace Walker,1641716,49,10,24.86530612244898,0.9058743361760875,17.1,10.7,21,IND,PF,6.1,3.1,1.5,0.20408163265306123,Medium Usage,0.4299678051963007
Cason Wallace,1641717,67,18,31.9089552238806,1.1977175373348503,12.8,14.3,21,OKC,SG,8.4,3.4,2.5,0.26865671641791045,Low Usage,0.5672520258020477
Keyonte George,1641718,67,11,31.723880597014926,1.0897372930932117,24.3,26.200000000000003,21,UTA,PG,16.8,3.8,5.6,0.16417910447761194,High Usage,0.422980014771266
Jordan Hawkins,1641722,55,2,20.83888888888889,0.7211976357851706,21.0,14.8,22,NOP,SG,10.8,2.8,1.2,0.03636363636363636,Medium Usage,0.16194248538912265
Jett Howard,1641724,26,0,16.296153846153846,0.5787512032298606,19.2,6.4,21,ORL,SF,4.5,1.2,0.7,0.0,Medium Usage,0.0
Dereck Lively II,1641726,34,18,40.588235294117645,1.5142764142494665,13.6,18.599999999999998,20,DAL,C,8.7,7.5,2.4,0.5294117647058824,Low Usage,0.8953634729652008
Brice Sensabaugh,1641729,65,5,22.63015873015873,0.7837825402660104,21.5,15.4,21,UTA,SF,10.9,3.0,1.5,0.07692307692307693,Medium Usage,0.24554218504331787
Noah Clowney,1641730,46,4,21.18695652173913,0.7629638037301796,19.0,13.9,20,BRK,PF,9.1,3.9,0.9,0.08695652173913043,Medium Usage,0.25757460780370606
Bilal Coulibaly,1641731,57,17,33.33684210526316,1.203281442974677,17.9,20.7,20,WAS,SF,12.3,5.0,3.4,0.2982456140350877,Medium Usage,0.5990604417060176
Nick Smith Jr.,1641733,48,5,23.16875,0.8193822899823426,20.8,14.4,20,CHO,SG,9.9,2.1,2.4,0.10416666666666667,Medium Usage,0.2921511969394627
Reece Beekman,1641736,20,3,20.305,0.7770118301715129,12.8,5.5,23,2TM,PG,2.6,1.1,1.8,0.15,Low Usage,0.34139679923181315
Adem Bona,1641737,38,11,29.5027027027027,1.0690541377442069,14.3,10.5,21,PHI,C,5.8,4.2,0.5,0.2894736842105263,Low Usage,0.5562940228632005
Toumani Camara,1641739,77,38,37.70909090909091,1.3915807635317738,14.4,19.3,24,POR,PF,11.3,5.8,2.2,0.4935064935064935,Low Usage,0.8287063068673091
Jaylen Clark,1641740,23,0,20.786363636363635,0.7870872768586291,12.0,6.1,23,MIN,SG,4.1,1.3,0.7,0.0,Low Usage,0.0
Ricky Council IV,1641741,45,3,23.688636363636363,0.8205083066200076,20.3,11.5,23,PHI,SF,7.3,2.9,1.3,0.06666666666666667,Medium Usage,0.23388149515228257
Zach Edey,1641744,63,21,33.665079365079364,1.234529432644097,16.4,18.5,22,MEM,C,9.2,8.3,1.0,0.3333333333333333,Medium Usage,0.6414903045887488
Andre Jackson Jr.,1641748,43,7,24.748837209302327,0.9510194717308537,11.9,7.3,23,MIL,SG,3.4,2.7,1.2,0.16279069767441862,Low Usage,0.3934680715191802
Julian Phillips,1641763,53,4,19.194339622641508,0.7170920974924979,12.9,7.199999999999999,21,CHI,SF,4.6,2.1,0.5,0.07547169811320754,Low Usage,0.23263739660966076
Brandin Podziemski,1641764,62,19,32.096774193548384,1.156110334981779,18.3,20.199999999999996,21,GSW,SG,11.7,5.1,3.4,0.3064516129032258,Medium Usage,0.5952242240107964
Olivier-Maxence Prosper,1641765,21,0,21.252380952380953,0.7836736776950439,16.3,7.1,22,DAL,PF,3.9,2.4,0.8,0.0,Medium Usage,0.0
Ben Sheppard,1641767,58,9,24.58103448275862,0.9357575722719192,11.3,9.4,23,IND,SG,5.3,2.8,1.3,0.15517241379310345,Low Usage,0.38105611294743474
Tristan Vukcevic,1641774,22,1,23.395454545454548,0.7924825015364686,25.7,14.200000000000001,21,WAS,C,9.4,3.7,1.1,0.045454545454545456,High Usage,0.1897944464098497
Tristan da Silva,1641783,61,10,26.126229508196722,0.9642776424489714,15.2,12.0,23,ORL,SF,7.2,3.3,1.5,0.16393442622950818,Medium Usage,0.39759062116807403
Tosan Evbuomwan,1641787,28,1,24.314285714285713,0.875824361676861,19.1,15.8,23,BRK,SF,9.5,4.3,2.0,0.03571428571428571,Medium Usage,0.17685994879694872
Pelle Larsson,1641796,33,1,21.49375,0.7953142904254824,14.4,7.5,23,MIA,SG,4.6,1.7,1.2,0.030303030303030304,Low Usage,0.15524314169455744
Antonio Reeves,1641810,24,3,21.5125,0.7747156219214565,18.8,9.200000000000001,24,NOP,SG,6.9,1.4,0.9,0.125,Medium Usage,0.31119038021793355
Matas Buzelis,1641824,63,6,23.984126984126984,0.861677360723605,18.7,13.1,20,CHI,SF,8.6,3.5,1.0,0.09523809523809523,Medium Usage,0.2864690394180586
Ronald Holland II,1641842,66,1,17.92727272727273,0.6441406961221622,18.1,10.100000000000001,19,DET,SF,6.4,2.7,1.0,0.015151515151515152,Medium Usage,0.09879123198443503
Trey Jemison III,1641998,20,1,20.565,0.7899353337843735,12.4,5.7,25,2TM,C,2.5,2.8,0.4,0.05,Low Usage,0.19873793470099935
Zaccharie Risacher,1642258,74,7,23.55945945945946,0.8315116235965223,20.9,17.4,19,ATL,SF,12.6,3.6,1.2,0.0945945945945946,Medium Usage,0.2804576704866639
Alex Sarr,1642259,66,9,27.945454545454545,0.9648401510096304,23.5,21.9,19,WAS,C,13.0,6.5,2.4,0.13636363636363635,High Usage,0.3627245669944527
Dalton Knecht,1642261,61,4,22.795081967213115,0.8162555000125485,18.5,12.7,23,LAL,SF,9.1,2.8,0.8,0.06557377049180328,Medium Usage,0.23135459973922062
Cody Williams,1642262,47,2,18.606382978723403,0.698419235562584,12.5,8.1,20,UTA,SG,4.6,2.3,1.2,0.0425531914893617,Low Usage,0.17239480117088293
Reed Sheppard,1642263,25,1,18.216,0.6617363909616506,17.8,7.300000000000001,20,HOU,PG,4.4,1.5,1.4,0.04,Medium Usage,0.1626943626511565
Stephon Castle,1642264,80,9,26.091250000000002,0.8719674392404999,26.0,22.5,20,SAS,SG,14.7,3.7,4.1,0.1125,High Usage,0.3132033475468553
Rob Dillingham,1642265,20,0,18.015,0.6311209633833971,22.7,7.5,20,MIN,PG,4.5,1.0,2.0,0.0,Medium Usage,0.0
Ja'Kobe Walter,1642266,46,1,22.256521739130434,0.8001538025989474,18.2,13.299999999999999,20,TOR,SG,8.6,3.1,1.6,0.021739130434782608,Medium Usage,0.1318887708737397
Bub Carrington,1642267,82,27,33.28292682926829,1.2218542070992078,15.8,18.4,19,WAS,PG,9.8,4.2,4.4,0.32926829268292684,Medium Usage,0.6342853054257267
Isaiah Collier,1642268,68,14,29.291176470588233,1.0542734401084939,18.9,18.3,20,UTA,PG,8.7,3.3,6.3,0.20588235294117646,Medium Usage,0.46589300970601094
Donovan Clingan,1642270,59,25,33.603389830508476,1.2508711034359814,14.2,15.5,20,POR,C,6.5,7.9,1.1,0.423728813559322,Low Usage,0.7280316810239568
Kyle Filipowski,1642271,62,14,30.02258064516129,1.0808883987382372,18.7,17.599999999999998,21,UTA,C,9.6,6.1,1.9,0.22580645161290322,Medium Usage,0.4940360046683179
Jared McCain,1642272,20,3,26.845,0.90046288622628,24.7,20.3,20,PHI,SG,15.3,2.4,2.6,0.15,High Usage,0.36751793552688283
Kyshawn George,1642273,66,11,27.26818181818182,0.9960746967544648,15.9,15.399999999999999,21,WAS,SG,8.7,4.2,2.5,0.16666666666666666,Medium Usage,0.4074462534605975
Yves Missi,1642274,73,32,39.169444444444444,1.472416710506592,14.3,18.699999999999996,20,NOP,C,9.1,8.2,1.4,0.4383561643835616,Low Usage,0.8033946362728163
Tidjane Salaün,1642275,55,6,23.214545454545455,0.8544345063593423,15.2,11.8,19,CHO,PF,5.9,4.7,1.2,0.10909090909090909,Medium Usage,0.30530482645608925
Kel'el Ware,1642276,55,19,33.947272727272725,1.2347428926863968,17.2,17.6,20,MIA,C,9.3,7.4,0.9,0.34545454545454546,Medium Usage,0.6531060746511319
Oso Ighodaro,1642345,40,13,32.980000000000004,1.2656834015092806,10.5,9.0,22,PHO,PF,4.2,3.6,1.2,0.325,Low Usage,0.6413634737732702
Ryan Dunn,1642346,59,5,22.84915254237288,0.8343863766073901,16.7,11.3,22,PHO,SF,6.9,3.6,0.8,0.0847457627118644,Medium Usage,0.26591485457187647
Jamal Shead,1642347,68,4,22.101470588235294,0.799806701545435,18.6,12.8,22,TOR,PG,7.1,1.5,4.2,0.058823529411764705,Medium Usage,0.2169042485339658
Justin Edwards,1642348,39,8,28.107692307692307,1.0250177693929299,16.9,15.1,21,PHI,SF,10.1,3.4,1.6,0.20512820512820512,Medium Usage,0.45854122525688806
Ajay Mitchell,1642349,28,4,21.79642857142857,0.8042940079958597,16.2,10.200000000000001,22,OKC,SG,6.5,1.9,1.8,0.14285714285714285,Medium Usage,0.3389677624780984
KJ Simpson,1642354,33,2,22.060606060606062,0.7884368730728357,19.1,13.9,22,CHO,PG,7.8,3.0,3.1,0.06060606060606061,Medium Usage,0.21859563791051548
Quinten Post,1642366,33,2,22.863636363636363,0.8191693173390469,19.6,12.9,24,GSW,PF,8.1,3.5,1.3,0.06060606060606061,Medium Usage,0.22281522679851926
Jonathan Mogbo,1642367,53,4,28.30188679245283,1.0427092137611789,15.0,13.400000000000002,23,TOR,PF,6.2,4.9,2.3,0.07547169811320754,Low Usage,0.2805263534872324
Jaylen Wells,1642377,78,15,27.702564102564104,1.0133927334483888,15.9,15.5,21,MEM,SG,10.4,3.4,1.7,0.19230769230769232,Medium Usage,0.44145579390335793
Jamison Battle,1642419,47,3,23.51086956521739,0.8475936764371497,15.3,10.700000000000001,23,TOR,SF,7.1,2.7,0.9,0.06382978723404255,Medium Usage,0.23259777305018026
