Player_Name,Player_ID,games_played,AS_level_games,avg_pra_signal,season_USG,season_PRA,age,team,pos,season_PTS,season_REB,season_AST,AS_output_rate,season_OPR,USG_cohort,OC
LeBron James,2544,70,52,43.02428571428571,30.1,40.39999999999999,40,LAL,SF,24.4,7.8,8.2,0.7428571428571429,1.3421926910299,High Usage,0.9985276298742121
Chris Paul,101108,81,48,39.81728395061728,14.0,19.8,39,SAS,PG,8.8,3.6,7.4,0.5925925925925926,1.4142857142857144,Low Usage,0.9154754164341269
Kyle Lowry,200768,31,6,26.279999999999998,10.1,8.5,38,PHI,PG,3.9,1.9,2.7,0.1935483870967742,0.8415841584158417,Low Usage,0.4035929341150341
Kevin Durant,201142,62,36,40.08548387096774,28.7,36.800000000000004,36,PHO,PF,26.6,6.0,4.2,0.5806451612903226,1.2822299651567945,High Usage,0.8628560858739722
Al Horford,201143,59,24,35.249152542372876,13.8,17.3,38,BOS,C,9.0,6.2,2.1,0.4067796610169492,1.2536231884057971,Low Usage,0.7141067256528937
Mike Conley,201144,70,15,30.194285714285712,14.4,15.299999999999999,37,MIN,PG,8.2,2.6,4.5,0.21428571428571427,1.0625,Low Usage,0.47715675771026383
Russell Westbrook,201566,75,26,31.67066666666667,23.8,24.300000000000004,36,DEN,PG,13.3,4.9,6.1,0.3466666666666667,1.0210084033613447,High Usage,0.5949366183316781
Eric Gordon,201569,31,3,22.409677419354836,14.4,9.7,36,PHI,SG,6.8,1.2,1.7,0.0967741935483871,0.673611111111111,Low Usage,0.25531974471828606
Brook Lopez,201572,80,33,35.13875,15.8,19.8,36,MIL,C,13.0,5.0,1.8,0.4125,1.2531645569620253,Medium Usage,0.7189787060454819
Nicolas Batum,201587,65,14,29.653968253968255,9.0,7.9,36,LAC,PF,4.0,2.8,1.1,0.2153846153846154,0.8777777777777778,Low Usage,0.4348101068970558
DeAndre Jordan,201599,23,6,35.449999999999996,12.8,9.700000000000001,36,DEN,C,3.7,5.1,0.9,0.2608695652173913,0.7578125,Low Usage,0.4446236806461216
James Harden,201935,79,43,39.8,29.6,37.3,35,LAC,PG,22.8,5.8,8.7,0.5443037974683544,1.260135135135135,High Usage,0.8281885892581182
Stephen Curry,201939,70,39,37.67,29.8,34.9,36,GSW,PG,24.5,4.4,6.0,0.5571428571428572,1.1711409395973154,High Usage,0.8077702700670647
DeMar DeRozan,201942,77,34,35.94805194805195,25.0,30.5,35,SAC,SF,22.2,3.9,4.4,0.44155844155844154,1.22,High Usage,0.7339627365890579
Jrue Holiday,201950,62,25,34.31612903225806,15.8,19.299999999999997,34,BOS,PG,11.1,4.3,3.9,0.4032258064516129,1.221518987341772,Medium Usage,0.7018176250044191
Paul George,202331,41,13,31.702439024390245,23.5,25.8,34,PHI,PF,16.2,5.3,4.3,0.3170731707317073,1.097872340425532,High Usage,0.5900049695022609
Kyrie Irving,202681,49,24,38.23265306122449,27.4,34.1,32,DAL,SG,24.7,4.8,4.6,0.4897959183673469,1.2445255474452557,High Usage,0.7807454985093248
Jonas Valančiūnas,202685,72,14,28.672222222222224,22.8,20.1,32,2TM,C,10.4,7.7,2.0,0.19444444444444445,0.8815789473684211,Medium Usage,0.4140267245661453
Bismack Biyombo,202687,25,8,31.412,12.3,11.799999999999999,32,SAS,C,5.1,5.6,1.1,0.32,0.9593495934959348,Low Usage,0.554068470424639
Klay Thompson,202691,72,4,25.56527777777778,21.8,19.4,34,DAL,SF,14.0,3.4,2.0,0.05555555555555555,0.8899082568807338,Medium Usage,0.22234960671088494
Alec Burks,202692,36,7,24.562857142857144,16.5,10.9,33,MIA,SG,7.3,2.5,1.1,0.19444444444444445,0.6606060606060606,Medium Usage,0.3584008627935743
Kawhi Leonard,202695,37,11,32.894594594594594,27.7,30.5,33,LAC,SF,21.5,5.9,3.1,0.2972972972972973,1.1010830324909748,High Usage,0.5721442210312703
Nikola Vučević,202696,73,49,41.83972602739726,22.4,32.1,34,CHI,C,18.5,10.1,3.5,0.6712328767123288,1.4330357142857144,Medium Usage,0.9807653567145951
Tobias Harris,202699,72,28,34.87638888888889,17.6,21.8,32,DET,PF,13.7,5.9,2.2,0.3888888888888889,1.2386363636363635,Medium Usage,0.6940402864329412
Cory Joseph,202709,22,1,24.281818181818185,12.8,6.4,33,ORL,PG,3.5,1.5,1.4,0.045454545454545456,0.5,Low Usage,0.15075567228888181
Jimmy Butler III,202710,53,29,40.17169811320755,20.8,28.299999999999997,35,2TM,SF,17.5,5.4,5.4,0.5471698113207547,1.360576923076923,Medium Usage,0.8628247900282959
Anthony Davis,203076,49,33,43.875510204081635,30.4,39.8,31,2TM,C,24.7,11.6,3.5,0.673469387755102,1.3092105263157894,High Usage,0.9389958528132217
Bradley Beal,203078,53,15,31.045283018867927,22.1,24.0,31,PHO,SG,17.0,3.3,3.7,0.2830188679245283,1.085972850678733,Medium Usage,0.5543922860176428
Damian Lillard,203081,58,35,39.974137931034484,27.8,36.699999999999996,34,MIL,PG,24.9,4.7,7.1,0.603448275862069,1.3201438848920861,High Usage,0.892546105939622
Andre Drummond,203083,31,7,29.125806451612902,19.1,16.0,31,PHI,C,7.3,7.8,0.9,0.22580645161290322,0.8376963350785339,Medium Usage,0.4349221044660955
Harrison Barnes,203084,82,26,31.620731707317074,15.7,17.8,32,SAS,PF,12.3,3.8,1.7,0.3170731707317073,1.1337579617834397,Medium Usage,0.5995700390988471
Draymond Green,203110,67,32,38.35757575757576,15.9,20.7,34,GSW,PF,9.0,6.1,5.6,0.47761194029850745,1.3018867924528301,Medium Usage,0.7885408530903116
Khris Middleton,203114,36,3,26.825000000000003,22.0,19.700000000000003,33,2TM,SF,11.9,3.7,4.1,0.08333333333333333,0.8954545454545456,Medium Usage,0.27316883446178875
CJ McCollum,203468,56,16,32.12321428571429,27.2,29.0,33,NOP,PG,21.1,3.8,4.1,0.2857142857142857,1.0661764705882353,High Usage,0.5519255826100977
Dennis Schröder,203471,75,12,28.157333333333337,21.6,21.1,31,3TM,PG,13.1,2.6,5.4,0.16,0.9768518518518519,Medium Usage,0.395343263881271
Kelly Olynyk,203482,40,5,26.575,18.5,16.299999999999997,33,2TM,C,8.7,4.7,2.9,0.125,0.881081081081081,Medium Usage,0.3318661403866552
Kentavious Caldwell-Pope,203484,74,16,28.37972972972973,12.4,12.7,31,ORL,SG,8.7,2.2,1.8,0.21621621621621623,1.0241935483870968,Low Usage,0.47058182466529475
Mason Plumlee,203486,63,26,39.51803278688524,10.8,12.4,34,PHO,C,4.5,6.1,1.8,0.4126984126984127,1.1481481481481481,Low Usage,0.6883595850159732
Rudy Gobert,203497,72,61,53.33611111111111,13.0,24.7,32,MIN,C,12.0,10.9,1.8,0.8472222222222222,1.9,Low Usage,1.2687482895445503
Steven Adams,203500,36,12,30.494444444444444,13.6,10.6,31,HOU,C,3.9,5.6,1.1,0.3333333333333333,0.7794117647058824,Low Usage,0.5097096443747434
Tim Hardaway Jr.,203501,76,8,27.042666666666666,15.5,15.0,32,DET,SG,11.0,2.4,1.6,0.10526315789473684,0.967741935483871,Medium Usage,0.31916699728542886
Giannis Antetokounmpo,203507,67,63,49.4865671641791,35.2,48.8,30,MIL,PF,30.4,11.9,6.5,0.9402985074626866,1.3863636363636362,High Usage,1.1417511366638835
Seth Curry,203552,44,2,22.111363636363635,15.7,9.1,34,CHO,SG,6.5,1.7,0.9,0.045454545454545456,0.5796178343949044,Medium Usage,0.16231532644753047
Zach LaVine,203897,74,33,36.81351351351351,25.3,31.8,29,2TM,SG,23.3,4.3,4.2,0.44594594594594594,1.256916996047431,High Usage,0.7486768587167019
Elfrid Payton,203901,23,4,25.67391304347826,15.2,13.7,30,2TM,PG,3.5,3.3,6.9,0.17391304347826086,0.9013157894736842,Medium Usage,0.39591738037421376
Jordan Clarkson,203903,36,2,25.77777777777778,27.8,23.099999999999998,32,UTA,SG,16.2,3.2,3.7,0.05555555555555555,0.8309352517985611,High Usage,0.21485592741268392
Gary Harris,203914,36,3,19.96060606060606,9.5,4.8999999999999995,30,ORL,SG,3.0,1.3,0.6,0.08333333333333333,0.5157894736842105,Low Usage,0.2073221072156823
Spencer Dinwiddie,203915,76,23,30.76184210526316,17.9,18.0,31,DAL,PG,11.0,2.6,4.4,0.3026315789473684,1.005586592178771,Medium Usage,0.5516541109783965
Jerami Grant,203924,47,7,29.451063829787234,19.4,20.0,30,POR,PF,14.4,3.5,2.1,0.14893617021276595,1.0309278350515465,Medium Usage,0.3918449227925703
Aaron Gordon,203932,49,21,35.446938775510205,19.0,22.7,29,DEN,PF,14.7,4.8,3.2,0.42857142857142855,1.194736842105263,Medium Usage,0.7155627681678036
Marcus Smart,203935,31,0,20.42258064516129,20.6,14.3,30,2TM,PG,9.0,2.1,3.2,0.0,0.6941747572815534,Medium Usage,0.0
Kyle Anderson,203937,45,7,26.226666666666667,15.9,11.700000000000001,31,2TM,PF,5.9,3.4,2.4,0.15555555555555556,0.7358490566037736,Medium Usage,0.3383273692816345
Dwight Powell,203939,23,4,31.455000000000002,7.6,5.2,33,DAL,C,2.1,2.1,1.0,0.17391304347826086,0.6842105263157895,Low Usage,0.3449538157658814
Julius Randle,203944,68,27,35.74264705882353,25.0,30.499999999999996,30,MIN,PF,18.7,7.1,4.7,0.39705882352941174,1.2199999999999998,High Usage,0.6959969573970005
Andrew Wiggins,203952,60,10,29.793333333333333,24.5,25.1,29,2TM,SF,18.0,4.5,2.6,0.16666666666666666,1.0244897959183674,High Usage,0.41321701237936453
Clint Capela,203991,54,16,32.99074074074074,16.7,18.5,30,ATL,C,8.9,8.5,1.1,0.2962962962962963,1.1077844311377245,Medium Usage,0.5729157215863493
Bogdan Bogdanović,203992,54,4,25.45925925925926,18.7,16.400000000000002,32,2TM,SG,10.8,2.9,2.7,0.07407407407407407,0.8770053475935831,Medium Usage,0.25487910679576337
Jusuf Nurkić,203994,48,11,28.90416666666667,20.6,19.0,30,2TM,C,8.9,7.8,2.3,0.22916666666666666,0.9223300970873786,Medium Usage,0.4597470107742492
Vasilije Micic,203995,29,2,21.99655172413793,19.9,11.9,31,2TM,PG,6.6,2.2,3.1,0.06896551724137931,0.5979899497487438,Medium Usage,0.20307802980521683
Nikola Jokić,203999,70,67,57.46857142857143,29.5,52.5,29,DEN,C,29.6,12.7,10.2,0.9571428571428572,1.7796610169491525,High Usage,1.3051397743186262
Kristaps Porziņģis,204001,41,9,32.400000000000006,25.9,28.400000000000002,29,BOS,C,19.5,6.8,2.1,0.21951219512195122,1.0965250965250968,High Usage,0.4906125058990379
T.J. McConnell,204456,75,2,21.033333333333335,23.4,15.9,32,IND,PG,9.1,2.4,4.4,0.02666666666666667,0.6794871794871795,High Usage,0.1346092794708378
Tyus Jones,1626145,81,23,31.876543209876544,16.2,17.9,28,PHO,PG,10.2,2.4,5.3,0.2839506172839506,1.1049382716049383,Medium Usage,0.5601320418284279
Delon Wright,1626153,27,1,21.52962962962963,11.3,6.699999999999999,32,2TM,PG,3.1,1.7,1.9,0.037037037037037035,0.5929203539823008,Low Usage,0.14818911265830423
D'Angelo Russell,1626156,58,6,25.074137931034482,24.0,20.5,28,2TM,PG,12.6,2.8,5.1,0.10344827586206896,0.8541666666666666,High Usage,0.2972575801649425
Karl-Anthony Towns,1626157,72,55,44.97777777777778,27.4,40.300000000000004,29,NYK,C,24.4,12.8,3.1,0.7638888888888888,1.4708029197080295,High Usage,1.059966984443525
Richaun Holmes,1626158,24,8,37.34166666666667,14.7,14.500000000000002,31,WAS,PF,7.4,5.7,1.4,0.3333333333333333,0.9863945578231295,Low Usage,0.5734092656567761
Kelly Oubre Jr.,1626162,60,25,35.016666666666666,18.9,23.0,29,PHI,SF,15.1,6.1,1.8,0.4166666666666667,1.216931216931217,Medium Usage,0.7120777160685063
Devin Booker,1626164,75,47,39.30266666666667,29.3,36.800000000000004,28,PHO,SG,25.6,4.1,7.1,0.6266666666666667,1.2559726962457338,High Usage,0.8871731640331891
Cameron Payne,1626166,50,1,20.06326530612245,20.8,11.100000000000001,30,NYK,PG,6.9,1.4,2.8,0.02,0.5336538461538463,Medium Usage,0.10331058475817918
Myles Turner,1626167,71,22,33.528169014084504,20.7,23.6,28,IND,C,15.6,6.5,1.5,0.30985915492957744,1.140096618357488,Medium Usage,0.5943646815737963
Trey Lyles,1626168,58,14,27.570689655172412,14.3,12.299999999999999,29,SAC,PF,6.5,4.6,1.2,0.2413793103448276,0.86013986013986,Low Usage,0.4556533399862837
Bobby Portis,1626171,49,12,30.406122448979595,24.1,24.400000000000002,29,MIL,PF,13.9,8.4,2.1,0.24489795918367346,1.012448132780083,High Usage,0.497942247150373
Kevon Looney,1626172,61,16,31.765,13.3,12.2,28,GSW,C,4.5,6.1,1.6,0.26229508196721313,0.9172932330827067,Low Usage,0.49051147158797265
Terry Rozier,1626179,59,7,25.462711864406778,20.4,16.900000000000002,30,MIA,PG,10.6,3.7,2.6,0.11864406779661017,0.8284313725490198,Medium Usage,0.31350991679617524
Norman Powell,1626181,59,16,31.240677966101696,26.1,27.1,31,LAC,SG,21.8,3.2,2.1,0.2711864406779661,1.0383141762452108,High Usage,0.5306380364819442
Pat Connaughton,1626192,27,3,23.85925925925926,15.6,9.7,32,MIL,SG,5.3,2.7,1.7,0.1111111111111111,0.6217948717948718,Medium Usage,0.26284656948173984
Larry Nance Jr.,1626204,21,3,27.933333333333334,15.7,14.4,32,ATL,PF,8.5,4.3,1.6,0.14285714285714285,0.9171974522292994,Medium Usage,0.361978186444057
Royce O'Neale,1626220,74,21,29.364864864864863,15.5,16.0,31,PHO,SF,9.1,4.7,2.2,0.28378378378378377,1.032258064516129,Medium Usage,0.5412375628037214
Ben Simmons,1627732,50,18,34.275510204081634,13.2,15.299999999999999,28,2TM,PG,5.0,4.7,5.6,0.36,1.1590909090909092,Low Usage,0.6459665063087461
Domantas Sabonis,1627734,69,64,53.73768115942029,21.6,39.0,28,SAC,C,19.1,13.9,6.0,0.927536231884058,1.8055555555555554,Medium Usage,1.2941090357683647
Malik Beasley,1627736,82,7,26.392682926829266,22.5,20.6,28,DET,SG,16.3,2.6,1.7,0.08536585365853659,0.9155555555555556,Medium Usage,0.2795660594060297
Kris Dunn,1627739,74,15,29.967567567567567,12.7,12.600000000000001,30,LAC,PG,6.4,3.4,2.8,0.20270270270270271,0.9921259842519686,Low Usage,0.44844912579851587
Buddy Hield,1627741,82,8,21.975609756097562,20.5,15.9,32,GSW,SG,11.1,3.2,1.6,0.0975609756097561,0.775609756097561,Medium Usage,0.2750804327779841
Caris LeVert,1627747,64,11,26.94375,19.4,18.7,30,2TM,SG,12.1,3.2,3.4,0.171875,0.9639175257731959,Medium Usage,0.40702988187879774
Dejounte Murray,1627749,30,12,35.63666666666666,27.3,31.4,28,NOP,PG,17.5,6.5,7.4,0.4,1.15018315018315,High Usage,0.6782870042049015
Jamal Murray,1627750,67,39,38.42985074626866,24.0,31.299999999999997,27,DEN,PG,21.4,3.9,6.0,0.582089552238806,1.3041666666666665,High Usage,0.8712874330809415
Jakob Poeltl,1627751,57,37,40.794736842105266,18.7,26.900000000000002,29,TOR,C,14.5,9.6,2.8,0.6491228070175439,1.4385026737967916,Medium Usage,0.9663151108811326
Taurean Prince,1627752,79,24,31.549367088607596,12.5,13.7,30,MIL,SF,8.2,3.6,1.9,0.3037974683544304,1.0959999999999999,Low Usage,0.5770286174155106
Jaylen Brown,1627759,63,24,35.12063492063492,28.9,32.5,28,BOS,SF,22.2,5.8,4.5,0.38095238095238093,1.124567474048443,High Usage,0.6545278120755139
Malcolm Brogdon,1627763,24,2,24.59583333333333,23.7,20.6,32,WAS,PG,12.7,3.8,4.1,0.08333333333333333,0.869198312236287,High Usage,0.2691341536972913
Georges Niang,1627777,79,13,24.196202531645568,17.9,14.700000000000001,31,2TM,PF,9.9,3.4,1.4,0.16455696202531644,0.8212290502793297,Medium Usage,0.36761251018008395
Gary Payton II,1627780,43,1,23.009302325581395,16.1,10.8,32,GSW,SG,6.5,3.0,1.3,0.023255813953488372,0.670807453416149,Medium Usage,0.1249006538624169
Pascal Siakam,1627783,78,33,36.91538461538462,24.2,30.5,30,IND,PF,20.2,6.9,3.4,0.4230769230769231,1.2603305785123968,High Usage,0.7302169425703455
Guerschon Yabusele,1627824,68,22,32.44558823529412,16.3,18.700000000000003,29,PHI,C,11.0,5.6,2.1,0.3235294117647059,1.147239263803681,Medium Usage,0.6092336531838825
Ivica Zubac,1627826,80,61,46.995,19.5,32.1,27,LAC,C,16.8,12.6,2.7,0.7625,1.6461538461538463,Medium Usage,1.1203536529562028
Dorian Finney-Smith,1627827,63,18,30.760317460317463,12.3,14.0,31,2TM,PF,8.7,3.9,1.4,0.2857142857142857,1.1382113821138211,Low Usage,0.570265948512201
Fred VanVleet,1627832,60,32,36.85,17.7,23.4,30,HOU,PG,14.1,3.7,5.6,0.5333333333333333,1.3220338983050848,Medium Usage,0.8396932450381579
Derrick Jones Jr.,1627884,77,8,24.82987012987013,16.5,14.3,27,LAC,SF,10.1,3.4,0.8,0.1038961038961039,0.8666666666666667,Medium Usage,0.3000721413981812
Alex Caruso,1627936,51,5,23.798039215686277,15.2,12.5,30,OKC,SG,7.1,2.9,2.5,0.09803921568627451,0.8223684210526316,Medium Usage,0.28394428151515916
Lonzo Ball,1628366,34,1,25.93529411764706,15.9,14.3,27,CHI,PG,7.6,3.4,3.3,0.029411764705882353,0.89937106918239,Medium Usage,0.16264098582482306
De'Aaron Fox,1628368,62,30,37.729032258064514,28.3,34.6,27,2TM,PG,23.5,4.8,6.3,0.4838709677419355,1.2226148409893993,High Usage,0.7691474671902607
Jayson Tatum,1628369,72,54,42.85138888888889,31.2,41.5,26,BOS,PF,26.8,8.7,6.0,0.75,1.330128205128205,High Usage,0.9987973537440684
Malik Monk,1628370,63,22,32.665079365079364,24.6,26.6,26,SAC,SG,17.2,3.8,5.6,0.3492063492063492,1.08130081300813,High Usage,0.6144893077218077
Jonathan Isaac,1628371,54,4,21.60185185185185,16.2,10.4,27,ORL,PF,5.4,4.4,0.6,0.07407407407407407,0.6419753086419754,Medium Usage,0.2180681695389592
Lauri Markkanen,1628374,47,14,32.52765957446808,24.0,26.4,27,UTA,PF,19.0,5.9,1.5,0.2978723404255319,1.0999999999999999,High Usage,0.5724155609940081
Donovan Mitchell,1628378,71,29,35.04929577464789,30.9,33.5,28,CLE,SG,24.0,4.5,5.0,0.4084507042253521,1.0841423948220066,High Usage,0.6654462597727996
Luke Kennard,1628379,63,14,29.256451612903227,14.5,15.0,28,MEM,SG,8.9,2.8,3.3,0.2222222222222222,1.0344827586206897,Low Usage,0.47946330148538413
Zach Collins,1628380,46,8,26.921739130434784,17.1,12.6,27,2TM,PF,6.4,4.5,1.7,0.17391304347826086,0.7368421052631579,Medium Usage,0.35797549230253856
John Collins,1628381,40,18,35.6725,24.2,29.2,27,UTA,PF,19.0,8.2,2.0,0.45,1.2066115702479339,High Usage,0.7368685137876162
OG Anunoby,1628384,74,34,35.65405405405406,19.7,25.0,27,NYK,PF,18.0,4.8,2.2,0.4594594594594595,1.2690355329949239,Medium Usage,0.7635904530733048
Jarrett Allen,1628386,81,55,45.0395061728395,15.9,25.099999999999998,26,CLE,C,13.5,9.7,1.9,0.6790123456790124,1.5786163522012577,Medium Usage,1.0353260318544213
Bam Adebayo,1628389,78,50,39.69358974358974,23.5,32.0,27,MIA,C,18.1,9.6,4.3,0.6410256410256411,1.3617021276595744,High Usage,0.9342836717341035
Isaiah Hartenstein,1628392,57,38,44.54210526315789,16.7,25.7,26,OKC,C,11.2,10.7,3.8,0.6666666666666666,1.5389221556886228,Medium Usage,1.0128909634271672
Kyle Kuzma,1628398,64,9,29.075,24.0,22.8,29,2TM,PF,14.8,5.7,2.3,0.140625,0.9500000000000001,High Usage,0.36550478793033614
Derrick White,1628401,76,41,37.33421052631579,19.8,25.7,30,BOS,SG,16.4,4.5,4.8,0.5394736842105263,1.2979797979797978,Medium Usage,0.8367950427954244
Josh Hart,1628404,77,64,54.43766233766234,15.3,29.1,29,NYK,SG,13.6,9.6,5.9,0.8311688311688312,1.9019607843137254,Medium Usage,1.2573187829770907
Dillon Brooks,1628415,74,21,30.835135135135136,17.7,19.4,29,HOU,SF,14.0,3.7,1.7,0.28378378378378377,1.0960451977401129,Medium Usage,0.5577094704348624
Thomas Bryant,1628418,46,4,23.48478260869565,17.1,11.100000000000001,27,2TM,C,6.5,3.8,0.8,0.08695652173913043,0.6491228070175439,Medium Usage,0.23758253614225608
Monté Morris,1628420,29,0,16.275862068965516,18.1,8.3,29,PHO,PG,5.2,1.5,1.6,0.0,0.4585635359116022,Medium Usage,0.0
Luke Kornet,1628436,63,25,34.80634920634921,11.4,12.9,29,BOS,C,6.0,5.3,1.6,0.3968253968253968,1.131578947368421,Low Usage,0.6701039209172995
Chris Boucher,1628449,48,3,21.204166666666666,21.2,15.2,32,TOR,PF,10.0,4.5,0.7,0.0625,0.7169811320754716,Medium Usage,0.21168684596525353
Daniel Theis,1628464,32,7,28.484375,11.6,10.2,32,NOP,C,4.3,4.3,1.6,0.21875,0.8793103448275862,Low Usage,0.4385762623889196
Maxi Kleber,1628467,30,6,26.182758620689654,8.7,7.1,33,DAL,PF,3.0,2.8,1.3,0.2,0.8160919540229885,Low Usage,0.4040029589057458
Grayson Allen,1628960,64,9,26.440625,17.6,15.7,29,PHO,SG,10.6,3.0,2.1,0.140625,0.8920454545454545,Medium Usage,0.35418059241784344
Mo Bamba,1628964,21,1,23.215,15.2,9.4,26,2TM,C,4.3,4.5,0.6,0.047619047619047616,0.618421052631579,Medium Usage,0.17160600675350707
Mikal Bridges,1628969,81,37,35.96296296296296,19.6,24.5,28,NYK,SF,17.6,3.2,3.7,0.4567901234567901,1.25,Medium Usage,0.7556372504853024
Miles Bridges,1628970,64,26,35.0515625,28.0,31.7,26,CHO,PF,20.3,7.5,3.9,0.40625,1.1321428571428571,High Usage,0.6781836297893703
Bruce Brown,1628971,41,7,22.45609756097561,17.2,14.3,28,2TM,PG,8.3,4.0,2.0,0.17073170731707318,0.8313953488372093,Medium Usage,0.3767566155523356
Jalen Brunson,1628973,65,32,38.43538461538462,29.5,36.199999999999996,28,NYK,PG,26.0,2.9,7.3,0.49230769230769234,1.2271186440677964,High Usage,0.7772515344782288
Wendell Carter Jr.,1628976,66,23,34.083333333333336,16.0,18.3,25,ORL,C,9.1,7.2,2.0,0.3484848484848485,1.14375,Medium Usage,0.6313315653874322
Donte DiVincenzo,1628978,61,7,28.06393442622951,19.4,19.0,28,MIN,SG,11.7,3.7,3.6,0.11475409836065574,0.9793814432989691,Medium Usage,0.3352432467282986
Shai Gilgeous-Alexander,1628983,76,62,44.421052631578945,34.8,44.1,26,OKC,PG,32.7,5.0,6.4,0.8157894736842105,1.267241379310345,High Usage,1.0167606295773057
Aaron Holiday,1628988,35,1,18.334285714285716,16.8,8.1,28,HOU,PG,5.5,1.3,1.3,0.02857142857142857,0.4821428571428571,Medium Usage,0.11736911946539273
Kevin Huerter,1628989,59,11,26.98983050847458,17.5,15.2,26,2TM,SG,9.9,3.0,2.3,0.1864406779661017,0.8685714285714285,Medium Usage,0.40241402312151425
Jaren Jackson Jr.,1628991,73,22,33.275342465753425,28.1,29.799999999999997,25,MEM,C,22.2,5.6,2.0,0.3013698630136986,1.0604982206405693,High Usage,0.5653337098393475
Caleb Martin,1628997,43,12,28.732558139534884,14.4,13.9,29,2TM,SF,7.9,3.9,2.1,0.27906976744186046,0.9652777777777778,Low Usage,0.5190181547511034
Cody Martin,1628998,48,9,26.710416666666664,14.7,13.0,29,2TM,SF,6.8,4.2,2.0,0.1875,0.8843537414965987,Low Usage,0.4072055089639779
Shake Milton,1629003,33,3,24.266666666666666,16.7,9.1,28,2TM,SG,5.5,1.8,1.8,0.09090909090909091,0.5449101796407185,Medium Usage,0.22256973976317432
Svi Mykhailiuk,1629004,34,2,21.11470588235294,20.3,13.200000000000001,27,UTA,SF,8.8,2.4,2.0,0.058823529411764705,0.6502463054187192,Medium Usage,0.19557551654460578
Josh Okogie,1629006,29,2,19.882758620689657,19.5,10.7,26,2TM,SG,7.1,2.8,0.8,0.06896551724137931,0.5487179487179487,Medium Usage,0.19453178956911382
Michael Porter Jr.,1629008,77,39,38.40649350649351,20.2,27.3,26,DEN,SF,18.2,7.0,2.1,0.5064935064935064,1.3514851485148516,Medium Usage,0.8273563028376495
Collin Sexton,1629012,62,10,28.856451612903225,27.0,25.299999999999997,26,UTA,SG,18.4,2.7,4.2,0.16129032258064516,0.9370370370370369,High Usage,0.38876085962158746
Landry Shamet,1629013,33,2,18.025,14.8,7.4,27,NYK,SG,5.7,1.2,0.5,0.06060606060606061,0.5,Low Usage,0.17407765595569785
Anfernee Simons,1629014,69,20,31.934782608695652,24.6,26.8,25,POR,SG,19.3,2.7,4.8,0.2898550724637681,1.089430894308943,High Usage,0.5619404513061739
Gary Trent Jr.,1629018,72,7,24.981944444444444,17.1,14.599999999999998,26,MIL,SG,11.1,2.3,1.2,0.09722222222222222,0.8538011695906431,Medium Usage,0.28811186550285417
Jarred Vanderbilt,1629020,31,4,26.783870967741933,12.5,10.299999999999999,25,LAL,PF,4.1,5.1,1.1,0.12903225806451613,0.824,Low Usage,0.32607143488070417
Moritz Wagner,1629021,29,2,23.272413793103446,26.8,19.2,27,ORL,C,12.9,4.9,1.4,0.06896551724137931,0.7164179104477612,High Usage,0.22227940020392806
P.J. Washington,1629023,57,25,35.56140350877193,20.4,24.8,26,DAL,PF,14.7,7.8,2.3,0.43859649122807015,1.215686274509804,Medium Usage,0.73020252973687
Kenrich Williams,1629026,55,6,23.668518518518518,15.4,11.200000000000001,30,OKC,PF,6.3,3.5,1.4,0.10909090909090909,0.7272727272727273,Medium Usage,0.28167151608781216
Trae Young,1629027,76,53,41.757894736842104,29.6,38.9,26,ATL,PG,24.2,3.1,11.6,0.6973684210526315,1.314189189189189,High Usage,0.9573265063860411
Deandre Ayton,1629028,40,26,37.64,19.4,26.200000000000003,26,POR,C,14.4,10.2,1.6,0.65,1.350515463917526,Medium Usage,0.9369285199770535
Luka Dončić,1629029,50,40,44.364,33.9,44.1,25,2TM,PG,28.2,8.2,7.7,0.8,1.3008849557522124,High Usage,1.0201509518702465
Goga Bitadze,1629048,59,29,36.69827586206897,14.3,15.8,25,ORL,C,7.2,6.6,2.0,0.4915254237288136,1.1048951048951048,Low Usage,0.7369423550112032
Rui Hachimura,1629060,59,20,34.68474576271186,15.8,19.5,26,LAL,PF,13.1,5.0,1.4,0.3389830508474576,1.2341772151898733,Medium Usage,0.646811531817022
Duncan Robinson,1629130,72,12,23.640277777777776,19.2,15.700000000000001,30,MIA,SF,11.0,2.3,2.4,0.16666666666666666,0.8177083333333334,Medium Usage,0.3691676072222781
Gabe Vincent,1629216,70,6,19.811940298507466,13.5,9.1,28,LAL,PG,6.4,1.3,1.4,0.08571428571428572,0.674074074074074,Low Usage,0.2403700850309326
Drew Eubanks,1629234,34,4,25.61176470588235,15.1,9.200000000000001,27,2TM,C,4.6,3.7,0.9,0.11764705882352941,0.6092715231788081,Medium Usage,0.2677293460323664
Haywood Highsmith,1629312,68,18,30.291176470588237,11.3,11.4,28,MIA,SF,6.5,3.4,1.5,0.2647058823529412,1.008849557522124,Low Usage,0.5167672709114501
Amir Coffey,1629599,69,7,24.343478260869567,15.3,12.999999999999998,27,LAC,SG,9.7,2.2,1.1,0.10144927536231885,0.849673202614379,Medium Usage,0.2935962034836443
DaQuan Jeffries,1629610,43,1,23.674418604651162,13.5,10.7,27,CHO,SG,6.7,2.9,1.1,0.023255813953488372,0.7925925925925925,Low Usage,0.13576592309650584
Terance Mann,1629611,63,4,24.66349206349206,14.7,12.5,28,2TM,SG,7.7,3.0,1.8,0.06349206349206349,0.8503401360544218,Low Usage,0.23235716022584124
Andrew Nembhard,1629614,64,19,33.059375,16.3,18.3,25,IND,SG,10.0,3.3,5.0,0.296875,1.1226993865030674,Medium Usage,0.5773225964468203
Jalen Pickett,1629618,27,4,25.09259259259259,13.2,7.7,25,DEN,SG,4.1,1.4,2.2,0.14814814814814814,0.5833333333333334,Low Usage,0.2939723678960656
Max Strus,1629622,50,13,32.832,14.7,16.9,28,CLE,SF,9.4,4.3,3.2,0.26,1.1496598639455782,Low Usage,0.5467280536298191
Zion Williamson,1629627,30,17,37.39,34.7,37.1,24,NOP,PF,24.6,7.2,5.3,0.5666666666666667,1.0691642651296829,High Usage,0.778369931485122
RJ Barrett,1629628,58,22,35.001724137931035,28.7,32.800000000000004,24,TOR,SF,21.1,6.3,5.4,0.3793103448275862,1.142857142857143,High Usage,0.6584052983883201
Cam Reddish,1629629,27,4,23.743478260869566,8.8,5.9,25,LAL,SF,3.2,2.0,0.7,0.14814814814814814,0.6704545454545454,Low Usage,0.31516122751156955
Ja Morant,1629630,50,20,36.156,32.2,34.599999999999994,25,MEM,PG,23.2,4.1,7.3,0.4,1.074534161490683,High Usage,0.6556017576214033
De'Andre Hunter,1629631,64,9,28.7921875,22.8,22.4,27,2TM,SF,17.0,4.0,1.4,0.140625,0.9824561403508771,Medium Usage,0.37169597083751404
Coby White,1629632,74,27,33.89324324324324,24.4,28.599999999999998,24,CHI,SG,20.4,3.7,4.5,0.36486486486486486,1.1721311475409837,High Usage,0.6539644277416318
Brandon Clarke,1629634,59,11,28.091525423728815,15.3,14.4,28,MEM,PF,8.3,5.1,1.0,0.1864406779661017,0.9411764705882353,Medium Usage,0.41889566632064046
Darius Garland,1629636,75,22,33.584,27.2,30.2,25,CLE,PG,20.6,2.9,6.7,0.29333333333333333,1.1102941176470589,High Usage,0.5706892977004246
Jaxson Hayes,1629637,52,16,30.176923076923078,12.4,12.6,24,LAL,C,6.8,4.8,1.0,0.3076923076923077,1.0161290322580645,Low Usage,0.5591556910634419
Nickeil Alexander-Walker,1629638,82,15,27.353658536585368,16.0,15.3,26,MIN,SG,9.4,3.2,2.7,0.18292682926829268,0.95625,Medium Usage,0.41823890360391497
Tyler Herro,1629639,77,39,37.775324675324676,28.0,34.599999999999994,25,MIA,SG,23.9,5.2,5.5,0.5064935064935064,1.2357142857142855,High Usage,0.7911265774802078
Keldon Johnson,1629640,74,4,26.01891891891892,21.6,19.1,25,SAS,SF,12.7,4.8,1.6,0.05405405405405406,0.8842592592592593,Medium Usage,0.21862707471353543
Kevin Porter Jr.,1629645,71,3,21.387323943661972,25.4,17.4,24,2TM,SG,10.3,3.7,3.4,0.04225352112676056,0.6850393700787402,High Usage,0.17013325805463433
Nic Claxton,1629651,69,23,34.685507246376815,16.8,19.900000000000002,25,BRK,C,10.3,7.4,2.2,0.3333333333333333,1.1845238095238095,Medium Usage,0.6283639628760308
Luguentz Dort,1629652,71,23,32.90985915492958,13.6,15.799999999999999,25,OKC,SF,10.1,4.1,1.6,0.323943661971831,1.1617647058823528,Low Usage,0.6134707109334206
Daniel Gafford,1629655,54,13,32.62641509433962,19.5,20.5,26,DAL,C,12.3,6.8,1.4,0.24074074074074073,1.0512820512820513,Medium Usage,0.5030769521187454
Quentin Grimes,1629656,70,18,30.788571428571426,22.8,21.9,24,2TM,SG,14.6,4.3,3.0,0.2571428571428571,0.9605263157894736,Medium Usage,0.49698338121410807
Talen Horton-Tucker,1629659,29,2,22.086206896551722,21.6,9.6,24,CHI,SG,6.5,1.7,1.4,0.06896551724137931,0.4444444444444444,Medium Usage,0.1750752438129634
Ty Jerome,1629660,65,5,24.329230769230772,23.6,18.4,27,CLE,SG,12.5,2.5,3.4,0.07692307692307693,0.7796610169491525,High Usage,0.24489574185906957
Cameron Johnson,1629661,57,19,34.04912280701754,22.9,26.5,28,BRK,PF,18.8,4.3,3.4,0.3333333333333333,1.1572052401746726,Medium Usage,0.6210757442198368
Jordan Poole,1629673,67,10,30.31641791044776,29.0,28.0,25,WAS,SG,20.5,3.0,4.5,0.14925373134328357,0.9655172413793104,High Usage,0.37961434502944674
Neemias Queta,1629674,35,8,30.340000000000003,13.7,9.5,25,BOS,C,5.0,3.8,0.7,0.22857142857142856,0.6934306569343066,Low Usage,0.39811862035164675
Naz Reid,1629675,79,20,30.650632911392407,21.5,22.5,25,MIN,C,14.2,6.0,2.3,0.25316455696202533,1.0465116279069768,Medium Usage,0.5147228891691894
John Konchar,1629723,23,12,37.278260869565216,8.0,6.6,28,MEM,SG,2.4,3.3,0.9,0.5217391304347826,0.825,Low Usage,0.6560752873022239
Garrison Mathews,1629726,35,1,23.150000000000002,15.9,10.700000000000001,28,ATL,SG,7.5,1.9,1.3,0.02857142857142857,0.6729559748427674,Medium Usage,0.138662588923387
Dean Wade,1629731,56,15,31.460714285714285,10.4,10.900000000000002,28,CLE,PF,5.4,4.2,1.3,0.26785714285714285,1.0480769230769234,Low Usage,0.5298442130569043
Javonte Green,1629750,52,5,26.547058823529415,11.8,9.100000000000001,31,2TM,SG,5.1,3.2,0.8,0.09615384615384616,0.7711864406779662,Low Usage,0.2723096442891463
Anthony Edwards,1630162,79,43,39.34177215189873,31.4,37.800000000000004,23,MIN,SG,27.6,5.7,4.5,0.5443037974683544,1.2038216560509556,High Usage,0.809471864157846
LaMelo Ball,1630163,45,27,39.24888888888889,35.9,37.5,23,CHO,PG,25.2,4.9,7.4,0.6,1.0445682451253482,High Usage,0.7916697209538892
Deni Avdija,1630166,71,30,35.52957746478873,23.2,28.099999999999998,24,POR,SF,16.9,7.3,3.9,0.4225352112676056,1.211206896551724,High Usage,0.7153863025829217
Obi Toppin,1630167,76,7,23.89342105263158,20.1,16.1,26,IND,PF,10.5,4.0,1.6,0.09210526315789473,0.8009950248756219,Medium Usage,0.2716171157242003
Onyeka Okongwu,1630168,74,40,39.92162162162162,17.3,24.6,24,ATL,C,13.4,8.9,2.3,0.5405405405405406,1.4219653179190752,Medium Usage,0.8767154051217981
Tyrese Haliburton,1630169,73,48,41.24109589041096,21.6,31.3,24,IND,PG,18.6,3.5,9.2,0.6575342465753424,1.449074074074074,Medium Usage,0.9761228557554413
Devin Vassell,1630170,64,13,29.890625,22.1,23.2,24,SAS,SG,16.3,4.0,2.9,0.203125,1.0497737556561084,Medium Usage,0.4617740725913994
Isaac Okoro,1630171,49,7,25.055102040816326,12.5,9.7,24,CLE,SG,6.1,2.4,1.2,0.14285714285714285,0.7759999999999999,Low Usage,0.33295216301616487
Patrick Williams,1630172,63,8,24.957142857142856,16.9,14.8,23,CHI,PF,9.0,3.8,2.0,0.12698412698412698,0.8757396449704143,Medium Usage,0.33347418832940784
Precious Achiuwa,1630173,45,13,30.70888888888889,14.9,13.2,25,NYK,C,6.6,5.6,1.0,0.28888888888888886,0.8859060402684563,Low Usage,0.5058936762137966
Aaron Nesmith,1630174,42,5,28.15952380952381,17.4,17.2,25,IND,SF,12.0,4.0,1.2,0.11904761904761904,0.9885057471264368,Medium Usage,0.3430441015529783
Cole Anthony,1630175,49,7,23.989795918367346,24.6,15.3,24,ORL,PG,9.4,3.0,2.9,0.14285714285714285,0.6219512195121951,High Usage,0.29807746344872815
Tyrese Maxey,1630178,52,30,38.01538461538461,29.8,35.7,24,PHI,PG,26.3,3.3,6.1,0.5769230769230769,1.1979865771812082,High Usage,0.8313519725242298
Josh Green,1630182,67,14,27.670149253731346,11.8,11.5,24,CHO,SG,7.4,2.5,1.6,0.208955223880597,0.9745762711864406,Low Usage,0.4512679945824655
Jaden McDaniels,1630183,82,35,34.43658536585366,16.3,19.9,24,MIN,PF,12.2,5.7,2.0,0.4268292682926829,1.2208588957055213,Medium Usage,0.7218713937694169
Jalen Smith,1630188,58,4,22.71206896551724,21.0,14.799999999999999,24,CHI,C,8.2,5.6,1.0,0.06896551724137931,0.7047619047619047,Medium Usage,0.2204637595931006
Isaiah Stewart,1630191,68,22,31.920588235294115,12.4,13.2,23,DET,C,6.0,5.5,1.7,0.3235294117647059,1.064516129032258,Low Usage,0.5868579700744024
Zeke Nnaji,1630192,21,3,23.485714285714284,12.2,5.200000000000001,24,DEN,PF,3.2,1.6,0.4,0.14285714285714285,0.4262295081967214,Low Usage,0.2467588493699644
Immanuel Quickley,1630193,33,5,30.578787878787878,25.1,26.400000000000002,25,TOR,PG,17.1,3.5,5.8,0.15151515151515152,1.051792828685259,High Usage,0.3992023920278996
Isaiah Joe,1630198,72,6,23.88888888888889,17.2,14.399999999999999,25,OKC,SG,10.2,2.6,1.6,0.08333333333333333,0.8372093023255813,Medium Usage,0.2641352718976871
Tre Jones,1630200,46,13,28.580434782608698,14.1,13.899999999999999,25,2TM,PG,7.2,2.5,4.2,0.2826086956521739,0.9858156028368794,Low Usage,0.5278257872359894
Payton Pritchard,1630202,79,25,32.925316455696205,19.0,21.6,27,BOS,PG,14.3,3.8,3.5,0.31645569620253167,1.1368421052631579,Medium Usage,0.5998000999444768
Nick Richards,1630208,55,17,31.381818181818183,17.3,18.4,27,2TM,C,9.3,8.2,0.9,0.3090909090909091,1.0635838150289016,Medium Usage,0.5733620917724336
Jared Butler,1630215,37,3,26.10810810810811,23.6,14.5,24,2TM,SG,9.0,1.8,3.7,0.08108108108108109,0.6144067796610169,High Usage,0.22319669782158702
Desmond Bane,1630217,69,37,38.13333333333333,23.3,30.599999999999998,26,MEM,SG,19.2,6.1,5.3,0.5362318840579711,1.3133047210300428,High Usage,0.8391876219893666
Jalen Green,1630224,82,23,31.713414634146343,27.3,29.0,22,HOU,SG,21.0,4.6,3.4,0.2804878048780488,1.0622710622710623,High Usage,0.5458517000448779
Jonathan Kuminga,1630228,46,5,24.64782608695652,27.4,22.099999999999998,22,GSW,PF,15.3,4.6,2.2,0.10869565217391304,0.8065693430656934,High Usage,0.2960921828890627
Naji Marshall,1630230,69,14,30.185507246376815,20.0,21.0,27,DAL,SF,13.2,4.8,3.0,0.2028985507246377,1.05,Medium Usage,0.46156633137705094
KJ Martin,1630231,40,6,28.284615384615382,11.5,10.4,24,2TM,PF,6.4,2.9,1.1,0.15,0.9043478260869565,Low Usage,0.36830988842691076
Sam Merrill,1630241,68,3,22.88823529411765,14.3,10.9,28,CLE,SG,7.2,2.2,1.5,0.04411764705882353,0.7622377622377622,Low Usage,0.1833797605225643
Ayo Dosunmu,1630245,46,17,34.2,16.6,20.3,25,CHI,SG,12.3,3.5,4.5,0.3695652173913043,1.2228915662650601,Medium Usage,0.6722634807370839
Vít Krejčí,1630249,48,11,30.538297872340426,12.9,12.5,24,ATL,PG,7.2,2.7,2.6,0.22916666666666666,0.9689922480620154,Low Usage,0.4712331944103809
Jae'Sean Tate,1630256,26,2,23.215384615384615,13.3,6.800000000000001,29,HOU,SF,3.6,2.3,0.9,0.07692307692307693,0.5112781954887218,Low Usage,0.19831563720662804
Jeff Dowtin Jr.,1630288,25,3,22.828000000000003,18.6,10.4,27,PHI,PG,7.0,1.5,1.9,0.12,0.5591397849462365,Medium Usage,0.2590304503210933
Lindy Waters III,1630322,32,2,20.690625,14.8,8.0,27,2TM,SG,4.9,2.1,1.0,0.0625,0.5405405405405405,Low Usage,0.18380365552345193
Jeremiah Robinson-Earl,1630526,51,16,31.07843137254902,14.4,12.4,24,NOP,PF,6.3,4.8,1.3,0.3137254901960784,0.8611111111111112,Low Usage,0.5197619699887854
Brandon Boston,1630527,37,6,25.416216216216217,20.0,16.099999999999998,23,NOP,SG,10.7,3.2,2.2,0.16216216216216217,0.8049999999999999,Medium Usage,0.3613039448172972
Herbert Jones,1630529,20,8,32.825,14.6,17.5,26,NOP,SF,10.3,3.9,3.3,0.4,1.1986301369863015,Low Usage,0.6924247647178144
Trey Murphy III,1630530,52,24,37.32115384615385,23.7,29.799999999999997,24,NOP,SF,21.2,5.1,3.5,0.46153846153846156,1.2573839662447257,High Usage,0.7617946319998058
Franz Wagner,1630532,59,25,36.37118644067797,31.0,34.6,23,ORL,SF,24.2,5.7,4.7,0.423728813559322,1.1161290322580646,High Usage,0.6877034467107345
Ziaire Williams,1630533,61,7,25.27704918032787,18.2,15.9,23,BRK,SF,10.0,4.6,1.3,0.11475409836065574,0.8736263736263736,Medium Usage,0.31662628887946725
Ochai Agbaji,1630534,62,17,31.246774193548386,14.6,15.7,24,TOR,SG,10.4,3.8,1.5,0.27419354838709675,1.0753424657534247,Low Usage,0.5430027314998163
Miles McBride,1630540,63,8,25.168253968253968,16.8,14.9,24,NYK,SG,9.5,2.5,2.9,0.12698412698412698,0.8869047619047619,Medium Usage,0.3355932462200948
Moses Moody,1630541,68,6,23.7,17.4,13.700000000000001,22,GSW,SG,9.8,2.6,1.3,0.08823529411764706,0.7873563218390806,Medium Usage,0.2635765858965095
Johnny Juzang,1630548,60,2,21.928333333333335,17.6,12.9,23,UTA,SG,8.9,2.9,1.1,0.03333333333333333,0.7329545454545454,Medium Usage,0.15630680785499454
Day'Ron Sharpe,1630549,46,4,25.37391304347826,19.9,16.3,23,BRK,C,7.9,6.6,1.8,0.08695652173913043,0.8190954773869348,Medium Usage,0.2668814225191038
Justin Champagnie,1630551,50,17,33.39,15.6,15.5,23,WAS,SF,8.8,5.7,1.0,0.34,0.9935897435897436,Medium Usage,0.5812232899845917
Jalen Johnson,1630552,35,28,45.065714285714286,22.5,33.9,23,ATL,SF,18.9,10.0,5.0,0.8,1.5066666666666666,Medium Usage,1.0978767386794082
Keon Johnson,1630553,71,4,24.429577464788732,21.7,16.599999999999998,22,BRK,SG,10.6,3.8,2.2,0.056338028169014086,0.7649769585253455,Medium Usage,0.20759887629283458
Kessler Edwards,1630556,24,9,35.23913043478261,11.1,8.2,24,DAL,SF,4.2,2.9,1.1,0.375,0.7387387387387387,Low Usage,0.5263335701121742
Corey Kispert,1630557,60,8,26.265,17.5,16.3,25,WAS,SF,11.6,3.0,1.7,0.13333333333333333,0.9314285714285715,Medium Usage,0.3524066914666579
Davion Mitchell,1630558,72,22,31.89305555555556,13.6,15.1,26,2TM,PG,7.9,2.3,4.9,0.3055555555555556,1.1102941176470589,Low Usage,0.5824573254305524
Austin Reaves,1630559,72,42,38.236111111111114,23.7,30.5,26,LAL,SG,20.2,4.5,5.8,0.5833333333333334,1.2869198312236287,High Usage,0.8664313215024316
Cam Thomas,1630560,25,6,31.984,32.6,31.1,23,BRK,SG,24.0,3.3,3.8,0.24,0.9539877300613497,High Usage,0.47849457177142973
Scottie Barnes,1630567,65,29,36.42307692307692,27.0,32.8,23,TOR,PF,19.3,7.7,5.8,0.4461538461538462,1.2148148148148148,High Usage,0.7362026229200097
Trendon Watford,1630570,42,0,21.557142857142857,23.3,16.4,24,BRK,PF,10.2,3.6,2.6,0.0,0.7038626609442059,High Usage,0.0
Sandro Mamukelashvili,1630572,29,1,21.43103448275862,20.8,10.200000000000001,25,SAS,PF,6.3,3.1,0.8,0.034482758620689655,0.4903846153846154,Medium Usage,0.1300377419198266
Sam Hauser,1630573,66,8,26.48125,14.3,12.6,27,BOS,PF,8.5,3.2,0.9,0.12121212121212122,0.881118881118881,Low Usage,0.3268061942810608
Julian Champagnie,1630577,79,9,25.153164556962025,17.2,15.200000000000001,23,SAS,SF,9.9,3.9,1.4,0.11392405063291139,0.8837209302325583,Medium Usage,0.31729649856432
Alperen Sengun,1630578,75,44,40.09466666666667,26.2,34.300000000000004,22,HOU,C,19.1,10.3,4.9,0.5866666666666667,1.3091603053435117,High Usage,0.8763793199683534
Jericho Sims,1630579,30,11,37.218518518518515,7.6,6.1,26,2TM,C,1.8,3.7,0.6,0.36666666666666664,0.8026315789473684,Low Usage,0.5424926226355848
Josh Giddey,1630581,70,36,39.75,21.7,29.9,22,CHI,PG,14.6,8.1,7.2,0.5142857142857142,1.3778801843317972,Medium Usage,0.8417981318577571
Santi Aldama,1630583,64,27,34.05625,18.5,21.799999999999997,24,MEM,PF,12.5,6.4,2.9,0.421875,1.1783783783783783,Medium Usage,0.7050733141868144
Scotty Pippen Jr.,1630590,73,10,27.65890410958904,19.3,17.6,24,MEM,PG,9.9,3.3,4.4,0.136986301369863,0.9119170984455959,Medium Usage,0.3534404482681622
Jalen Suggs,1630591,34,6,27.426470588235293,27.5,23.9,23,ORL,PG,16.2,4.0,3.7,0.17647058823529413,0.869090909090909,High Usage,0.39162352324294725
Jalen Wilson,1630592,77,14,26.18311688311688,16.6,14.700000000000001,24,BRK,PF,9.5,3.4,1.8,0.18181818181818182,0.8855421686746988,Medium Usage,0.4012576068210588
Cade Cunningham,1630595,70,51,42.19857142857143,33.2,41.300000000000004,23,DET,PG,26.1,6.1,9.1,0.7285714285714285,1.2439759036144578,High Usage,0.9520111875418372
Evan Mobley,1630596,71,43,38.55492957746479,23.2,31.0,23,CLE,PF,18.5,9.3,3.2,0.6056338028169014,1.3362068965517242,High Usage,0.8995843840956727
Aaron Wiggins,1630598,73,11,26.232876712328768,20.3,17.7,26,OKC,SG,12.0,3.9,1.8,0.1506849315068493,0.8719211822660098,Medium Usage,0.3624712176561399
Gui Santos,1630611,32,3,26.05,13.2,8.6,22,GSW,PF,4.1,3.1,1.4,0.09375,0.6515151515151515,Low Usage,0.2471427633060403
Dalano Banton,1630625,45,0,20.866666666666667,24.1,12.700000000000001,25,POR,PG,8.3,2.0,2.4,0.0,0.5269709543568465,High Usage,0.0
Jose Alvarado,1630631,56,11,26.026785714285715,19.8,17.3,26,NOP,PG,10.3,2.4,4.6,0.19642857142857142,0.8737373737373737,Medium Usage,0.4142788724120313
Jay Huff,1630643,34,3,21.74705882352941,19.6,9.5,26,MEM,C,6.9,2.0,0.6,0.08823529411764706,0.4846938775510204,Medium Usage,0.20680209583739015
Jordan Goodwin,1630692,23,4,26.808695652173913,14.1,10.9,26,LAL,PG,5.6,3.9,1.4,0.17391304347826086,0.7730496453900709,Low Usage,0.36666526504371466
Micah Potter,1630695,30,7,27.466666666666665,10.3,9.4,26,UTA,C,4.3,4.3,0.8,0.23333333333333334,0.9126213592233009,Low Usage,0.4614596231727866
Dyson Daniels,1630700,76,39,37.99078947368421,18.2,24.4,21,ATL,SG,14.1,5.9,4.4,0.5131578947368421,1.3406593406593406,Medium Usage,0.8294395245055725
Jaden Hardy,1630702,39,0,18.93846153846154,25.3,11.7,22,DAL,SG,8.7,1.6,1.4,0.0,0.46245059288537543,High Usage,0.0
Scoot Henderson,1630703,66,11,26.775757575757577,22.5,20.799999999999997,20,POR,PG,12.7,3.0,5.1,0.16666666666666666,0.9244444444444443,Medium Usage,0.3925227051701265
Keaton Wallace,1630811,22,3,22.936363636363634,16.4,9.6,25,ATL,PG,5.4,1.6,2.6,0.13636363636363635,0.5853658536585367,Medium Usage,0.2825289656088067
Jaden Ivey,1631093,30,6,29.173333333333336,26.0,25.700000000000003,22,DET,SG,17.6,4.1,4.0,0.2,0.9884615384615386,High Usage,0.444626031280567
Paolo Banchero,1631094,46,24,38.94347826086957,33.6,38.199999999999996,22,ORL,PF,25.9,7.5,4.8,0.5217391304347826,1.1369047619047616,High Usage,0.7701738127613492
Jabari Smith Jr.,1631095,57,18,34.333333333333336,16.4,20.3,21,HOU,PF,12.2,7.0,1.1,0.3157894736842105,1.2378048780487807,Medium Usage,0.6252085659704071
Chet Holmgren,1631096,31,9,33.49677419354839,22.0,25.0,22,OKC,C,15.0,8.0,2.0,0.2903225806451613,1.1363636363636365,Medium Usage,0.5743796858006127
Bennedict Mathurin,1631097,72,12,29.569444444444443,22.8,23.3,22,IND,SF,16.1,5.3,1.9,0.16666666666666666,1.0219298245614035,Medium Usage,0.41270042091921905
Keegan Murray,1631099,76,38,37.294736842105266,15.0,20.5,24,SAC,PF,12.4,6.7,1.4,0.5,1.3666666666666667,Low Usage,0.8266397845091497
Shaedon Sharpe,1631101,72,15,30.237499999999997,25.1,25.8,21,POR,SG,18.5,4.5,2.8,0.20833333333333334,1.0278884462151394,High Usage,0.46275633576950703
Blake Wesley,1631104,26,1,19.873076923076926,16.7,6.800000000000001,21,SAS,SG,3.7,1.1,2.0,0.038461538461538464,0.407185628742515,Medium Usage,0.12514386010054973
Jalen Duren,1631105,75,54,44.5,16.4,24.8,21,DET,C,11.8,10.3,2.7,0.72,1.5121951219512197,Medium Usage,1.0434464470229787
Tari Eason,1631106,57,10,29.210526315789473,19.4,19.9,23,HOU,PF,12.0,6.4,1.5,0.17543859649122806,1.0257731958762886,Medium Usage,0.4242171729230886
Nikola Jović,1631107,42,12,29.759523809523813,18.3,17.4,21,MIA,PF,10.7,3.9,2.8,0.2857142857142857,0.9508196721311474,Medium Usage,0.5212127813724852
Max Christie,1631108,73,16,28.941095890410956,15.2,14.799999999999999,21,2TM,SG,9.6,3.3,1.9,0.2191780821917808,0.9736842105263158,Medium Usage,0.4619634595112216
Mark Williams,1631109,41,23,39.5219512195122,21.4,28.0,23,CHO,C,15.3,10.2,2.5,0.5609756097560976,1.3084112149532712,Medium Usage,0.856730283765041
Jeremy Sochan,1631110,54,15,30.544444444444448,19.0,20.299999999999997,21,SAS,PF,11.4,6.5,2.4,0.2777777777777778,1.0684210526315787,Medium Usage,0.5447785107096224
Wendell Moore Jr.,1631111,21,4,24.395238095238092,13.8,8.0,23,2TM,SG,4.2,2.6,1.2,0.19047619047619047,0.5797101449275363,Low Usage,0.3322965241861512
Jalen Williams,1631114,69,20,35.15797101449275,27.5,32.0,23,OKC,SG,21.6,5.3,5.1,0.2898550724637681,1.1636363636363636,High Usage,0.5807632069125022
Orlando Robinson,1631115,33,6,26.672727272727276,18.5,13.700000000000001,24,2TM,C,6.9,5.0,1.8,0.18181818181818182,0.7405405405405406,Medium Usage,0.3669383253950651
Walker Kessler,1631117,58,45,51.48275862068966,13.7,24.999999999999996,23,UTA,C,11.1,12.2,1.7,0.7758620689655172,1.824817518248175,Low Usage,1.1898767563040087
Jaylin Williams,1631119,32,13,36.4125,14.6,14.1,22,OKC,PF,5.9,5.6,2.6,0.40625,0.9657534246575342,Low Usage,0.6263683650753151
Julian Strawther,1631124,60,1,20.483333333333334,17.8,12.5,22,DEN,SG,9.0,2.2,1.3,0.016666666666666666,0.7022471910112359,Medium Usage,0.10818558060197886
Christian Braun,1631128,79,49,40.677215189873415,15.8,23.200000000000003,23,DEN,SG,15.4,5.2,2.6,0.620253164556962,1.4683544303797469,Medium Usage,0.9543330037959881
Jabari Walker,1631133,31,3,25.174193548387095,16.3,9.299999999999999,22,POR,PF,5.2,3.5,0.6,0.0967741935483871,0.5705521472392637,Medium Usage,0.2349781349963872
Ryan Rollins,1631157,34,4,22.829411764705885,18.4,10.0,22,MIL,PG,6.2,1.9,1.9,0.11764705882352941,0.5434782608695653,Medium Usage,0.2528608687120868
Keon Ellis,1631165,74,20,29.104054054054053,12.7,12.5,25,SAC,SG,8.3,2.7,1.5,0.2702702702702703,0.984251968503937,Low Usage,0.5157654947179043
Jaime Jaquez Jr.,1631170,56,5,25.3,20.2,15.5,23,MIA,SF,8.6,4.4,2.5,0.08928571428571429,0.7673267326732673,Medium Usage,0.2617466626668925
Kris Murray,1631200,46,3,21.23913043478261,13.9,7.800000000000001,24,POR,SF,4.2,2.6,1.0,0.06521739130434782,0.5611510791366907,Low Usage,0.19130292603333232
Marcus Sasser,1631204,34,0,19.75588235294118,19.4,10.1,24,DET,PG,6.6,1.2,2.3,0.0,0.520618556701031,Medium Usage,0.0
Dalen Terry,1631207,49,1,18.599999999999998,14.9,7.5,22,CHI,SG,4.5,1.7,1.3,0.02040816326530612,0.5033557046979865,Low Usage,0.10135366496580045
Peyton Watson,1631212,67,12,25.943283582089553,13.9,12.9,22,DEN,SF,8.1,3.4,1.4,0.1791044776119403,0.9280575539568345,Low Usage,0.4076999673721522
Tyrese Martin,1631213,56,3,23.310714285714287,18.8,14.399999999999999,25,BRK,SG,8.7,3.7,2.0,0.05357142857142857,0.7659574468085105,Medium Usage,0.20256711147285464
Caleb Houstan,1631216,29,4,25.14814814814815,11.7,5.999999999999999,22,ORL,SF,4.1,1.3,0.6,0.13793103448275862,0.5128205128205128,Low Usage,0.2659583874167388
Moussa Diabaté,1631217,53,18,35.130188679245286,13.4,12.700000000000001,23,CHO,C,5.7,6.2,0.8,0.33962264150943394,0.9477611940298508,Low Usage,0.5673457149186492
Trayce Jackson-Davis,1631218,41,13,30.92439024390244,17.1,13.299999999999999,24,GSW,C,6.6,5.0,1.7,0.3170731707317073,0.7777777777777777,Medium Usage,0.49660091232765696
Jake LaRavia,1631222,59,18,29.760344827586206,14.4,13.200000000000001,23,2TM,PF,6.9,3.9,2.4,0.3050847457627119,0.9166666666666667,Low Usage,0.5288298563329727
Mouhamed Gueye,1631243,25,2,22.695999999999998,15.7,11.0,22,ATL,PF,6.0,4.2,0.8,0.08,0.7006369426751593,Medium Usage,0.23675082980638684
Vince Williams Jr.,1631246,26,2,21.79615384615385,17.0,12.2,24,MEM,SG,6.6,3.6,2.0,0.07692307692307693,0.7176470588235294,Medium Usage,0.23495450604213206
Karlo Matković,1631255,34,8,29.052941176470586,15.9,13.799999999999999,23,NOP,PF,7.7,5.0,1.1,0.23529411764705882,0.8679245283018867,Medium Usage,0.45190434393910417
AJ Green,1631260,69,10,25.469565217391306,12.6,11.3,25,MIL,SG,7.4,2.4,1.5,0.14492753623188406,0.8968253968253969,Low Usage,0.3605200343837864
Simone Fontecchio,1631323,65,2,18.4,15.8,9.700000000000001,29,DET,SF,5.9,2.9,0.9,0.03076923076923077,0.6139240506329114,Medium Usage,0.1374407901196183
Victor Wembanyama,1641705,46,30,40.96739130434783,30.4,39.0,21,SAS,C,24.3,11.0,3.7,0.6521739130434783,1.2828947368421053,High Usage,0.9146969337158615
Brandon Miller,1641706,26,8,33.77307692307692,27.7,29.5,22,CHO,SF,21.0,4.9,3.6,0.3076923076923077,1.0649819494584838,High Usage,0.5724393013058533
Amen Thompson,1641708,69,46,42.69565217391305,17.5,26.099999999999998,22,HOU,SF,14.1,8.2,3.8,0.6666666666666666,1.4914285714285713,Medium Usage,0.9971387638065798
Ausar Thompson,1641709,58,7,27.07241379310345,19.1,17.5,22,DET,SF,10.1,5.1,2.3,0.1206896551724138,0.9162303664921465,Medium Usage,0.3325350011509036
Anthony Black,1641710,77,5,22.928947368421053,19.6,15.4,21,ORL,PG,9.4,2.9,3.1,0.06493506493506493,0.7857142857142857,Medium Usage,0.2258769757263128
Gradey Dick,1641711,54,4,26.572222222222223,21.0,19.8,21,TOR,SG,14.4,3.6,1.8,0.07407407407407407,0.9428571428571428,Medium Usage,0.26427498905736396
Cam Whitmore,1641715,34,2,21.93235294117647,23.9,13.4,20,HOU,SF,9.4,3.0,1.0,0.058823529411764705,0.5606694560669456,High Usage,0.18160549617022084
Jarace Walker,1641716,49,10,24.86530612244898,17.1,10.7,21,IND,PF,6.1,3.1,1.5,0.20408163265306123,0.6257309941520467,Medium Usage,0.35735165158170573
Cason Wallace,1641717,67,18,31.9089552238806,12.8,14.3,21,OKC,SG,8.4,3.4,2.5,0.26865671641791045,1.1171875,Low Usage,0.5478502764196933
Keyonte George,1641718,67,11,31.723880597014926,24.3,26.200000000000003,21,UTA,PG,16.8,3.8,5.6,0.16417910447761194,1.0781893004115226,High Usage,0.4207328770121331
Jordan Hawkins,1641722,55,2,20.83888888888889,21.0,14.8,22,NOP,SG,10.8,2.8,1.2,0.03636363636363636,0.7047619047619048,Medium Usage,0.16008655667389948
Jett Howard,1641724,26,0,16.296153846153846,19.2,6.4,21,ORL,SF,4.5,1.2,0.7,0.0,0.33333333333333337,Medium Usage,0.0
Dereck Lively II,1641726,34,18,40.588235294117645,13.6,18.599999999999998,20,DAL,C,8.7,7.5,2.4,0.5294117647058824,1.3676470588235292,Low Usage,0.8509103612640843
Brice Sensabaugh,1641729,65,5,22.63015873015873,21.5,15.4,21,UTA,SF,10.9,3.0,1.5,0.07692307692307693,0.7162790697674418,Medium Usage,0.23473046240765366
Noah Clowney,1641730,46,4,21.18695652173913,19.0,13.9,20,BRK,PF,9.1,3.9,0.9,0.08695652173913043,0.7315789473684211,Medium Usage,0.2522212533485873
Bilal Coulibaly,1641731,57,17,33.33684210526316,17.9,20.7,20,WAS,SF,12.3,5.0,3.4,0.2982456140350877,1.1564245810055866,Medium Usage,0.5872806477718129
Nick Smith Jr.,1641733,48,5,23.16875,20.8,14.4,20,CHO,SG,9.9,2.1,2.4,0.10416666666666667,0.6923076923076923,Medium Usage,0.26854307776478736
Reece Beekman,1641736,20,3,20.305,12.8,5.5,23,2TM,PG,2.6,1.1,1.8,0.15,0.4296875,Low Usage,0.2538762001448738
Adem Bona,1641737,38,11,29.5027027027027,14.3,10.5,21,PHI,C,5.8,4.2,0.5,0.2894736842105263,0.7342657342657343,Low Usage,0.46103211090709223
Toumani Camara,1641739,77,38,37.70909090909091,14.4,19.3,24,POR,PF,11.3,5.8,2.2,0.4935064935064935,1.340277777777778,Low Usage,0.8132870258622023
Jaylen Clark,1641740,23,0,20.786363636363635,12.0,6.1,23,MIN,SG,4.1,1.3,0.7,0.0,0.5083333333333333,Low Usage,0.0
Ricky Council IV,1641741,45,3,23.688636363636363,20.3,11.5,23,PHI,SF,7.3,2.9,1.3,0.06666666666666667,0.5665024630541872,Medium Usage,0.19433690043396068
Zach Edey,1641744,63,21,33.665079365079364,16.4,18.5,22,MEM,C,9.2,8.3,1.0,0.3333333333333333,1.128048780487805,Medium Usage,0.6132016472275671
Andre Jackson Jr.,1641748,43,7,24.748837209302327,11.9,7.3,23,MIL,SG,3.4,2.7,1.2,0.16279069767441862,0.6134453781512604,Low Usage,0.31601139393128097
Julian Phillips,1641763,53,4,19.194339622641508,12.9,7.199999999999999,21,CHI,SF,4.6,2.1,0.5,0.07547169811320754,0.5581395348837208,Low Usage,0.20524068427529238
Brandin Podziemski,1641764,62,19,32.096774193548384,18.3,20.199999999999996,21,GSW,SG,11.7,5.1,3.4,0.3064516129032258,1.1038251366120215,Medium Usage,0.5816089695644984
Olivier-Maxence Prosper,1641765,21,0,21.252380952380953,16.3,7.1,22,DAL,PF,3.9,2.4,0.8,0.0,0.43558282208588955,Medium Usage,0.0
Ben Sheppard,1641767,58,9,24.58103448275862,11.3,9.4,23,IND,SG,5.3,2.8,1.3,0.15517241379310345,0.831858407079646,Low Usage,0.359279107325537
Tristan Vukcevic,1641774,22,1,23.395454545454548,25.7,14.200000000000001,21,WAS,C,9.4,3.7,1.1,0.045454545454545456,0.5525291828793775,High Usage,0.15847701050358542
Tristan da Silva,1641783,61,10,26.126229508196722,15.2,12.0,23,ORL,SF,7.2,3.3,1.5,0.16393442622950818,0.7894736842105263,Medium Usage,0.3597525753130178
Tosan Evbuomwan,1641787,28,1,24.314285714285713,19.1,15.8,23,BRK,SF,9.5,4.3,2.0,0.03571428571428571,0.8272251308900523,Medium Usage,0.17188296795972755
Pelle Larsson,1641796,33,1,21.49375,14.4,7.5,23,MIA,SG,4.6,1.7,1.2,0.030303030303030304,0.5208333333333334,Low Usage,0.1256297269074015
Antonio Reeves,1641810,24,3,21.5125,18.8,9.200000000000001,24,NOP,SG,6.9,1.4,0.9,0.125,0.4893617021276596,Medium Usage,0.24732612633112064
Matas Buzelis,1641824,63,6,23.984126984126984,18.7,13.1,20,CHI,SF,8.6,3.5,1.0,0.09523809523809523,0.7005347593582888,Medium Usage,0.2582974953989311
Ronald Holland II,1641842,66,1,17.92727272727273,18.1,10.100000000000001,19,DET,SF,6.4,2.7,1.0,0.015151515151515152,0.5580110497237569,Medium Usage,0.09194951263928688
Trey Jemison III,1641998,20,1,20.565,12.4,5.7,25,2TM,C,2.5,2.8,0.4,0.05,0.4596774193548387,Low Usage,0.1516043237105787
Zaccharie Risacher,1642258,74,7,23.55945945945946,20.9,17.4,19,ATL,SF,12.6,3.6,1.2,0.0945945945945946,0.8325358851674641,Medium Usage,0.2806303521411542
Alex Sarr,1642259,66,9,27.945454545454545,23.5,21.9,19,WAS,C,13.0,6.5,2.4,0.13636363636363635,0.9319148936170212,High Usage,0.3564818419990678
Dalton Knecht,1642261,61,4,22.795081967213115,18.5,12.7,23,LAL,SF,9.1,2.8,0.8,0.06557377049180328,0.6864864864864865,Medium Usage,0.21216858228915345
Cody Williams,1642262,47,2,18.606382978723403,12.5,8.1,20,UTA,SG,4.6,2.3,1.2,0.0425531914893617,0.648,Low Usage,0.1660556174451993
Reed Sheppard,1642263,25,1,18.216,17.8,7.300000000000001,20,HOU,PG,4.4,1.5,1.4,0.04,0.4101123595505618,Medium Usage,0.1280800311602963
Stephon Castle,1642264,80,9,26.091250000000002,26.0,22.5,20,SAS,SG,14.7,3.7,4.1,0.1125,0.8653846153846154,High Usage,0.3120188603766914
Rob Dillingham,1642265,20,0,18.015,22.7,7.5,20,MIN,PG,4.5,1.0,2.0,0.0,0.3303964757709251,Medium Usage,0.0
Ja'Kobe Walter,1642266,46,1,22.256521739130434,18.2,13.299999999999999,20,TOR,SG,8.6,3.1,1.6,0.021739130434782608,0.7307692307692307,Medium Usage,0.12604081729907204
Bub Carrington,1642267,82,27,33.28292682926829,15.8,18.4,19,WAS,PG,9.8,4.2,4.4,0.32926829268292684,1.1645569620253162,Medium Usage,0.6192347556606396
Isaiah Collier,1642268,68,14,29.291176470588233,18.9,18.3,20,UTA,PG,8.7,3.3,6.3,0.20588235294117646,0.9682539682539684,Medium Usage,0.4464822563425765
Donovan Clingan,1642270,59,25,33.603389830508476,14.2,15.5,20,POR,C,6.5,7.9,1.1,0.423728813559322,1.091549295774648,Low Usage,0.6800888824558927
Kyle Filipowski,1642271,62,14,30.02258064516129,18.7,17.599999999999998,21,UTA,C,9.6,6.1,1.9,0.22580645161290322,0.9411764705882352,Medium Usage,0.461002949193479
Jared McCain,1642272,20,3,26.845,24.7,20.3,20,PHI,SG,15.3,2.4,2.6,0.15,0.8218623481781377,High Usage,0.35111159511858997
Kyshawn George,1642273,66,11,27.26818181818182,15.9,15.399999999999999,21,WAS,SG,8.7,4.2,2.5,0.16666666666666666,0.9685534591194968,Medium Usage,0.40177801896061477
Yves Missi,1642274,73,32,39.169444444444444,14.3,18.699999999999996,20,NOP,C,9.1,8.2,1.4,0.4383561643835616,1.3076923076923073,Low Usage,0.7571228329629797
Tidjane Salaün,1642275,55,6,23.214545454545455,15.2,11.8,19,CHO,PF,5.9,4.7,1.2,0.10909090909090909,0.7763157894736843,Medium Usage,0.29101373715910905
Kel'el Ware,1642276,55,19,33.947272727272725,17.2,17.6,20,MIA,C,9.3,7.4,0.9,0.34545454545454546,1.0232558139534884,Medium Usage,0.5945488811637133
Oso Ighodaro,1642345,40,13,32.980000000000004,10.5,9.0,22,PHO,PF,4.2,3.6,1.2,0.325,0.8571428571428571,Low Usage,0.5277986629117476
Ryan Dunn,1642346,59,5,22.84915254237288,16.7,11.3,22,PHO,SF,6.9,3.6,0.8,0.0847457627118644,0.6766467065868265,Medium Usage,0.23946386206726836
Jamal Shead,1642347,68,4,22.101470588235294,18.6,12.8,22,TOR,PG,7.1,1.5,4.2,0.058823529411764705,0.6881720430107526,Medium Usage,0.20119818193114272
Justin Edwards,1642348,39,8,28.107692307692307,16.9,15.1,21,PHI,SF,10.1,3.4,1.6,0.20512820512820512,0.893491124260355,Medium Usage,0.42811240418552315
Ajay Mitchell,1642349,28,4,21.79642857142857,16.2,10.200000000000001,22,OKC,SG,6.5,1.9,1.8,0.14285714285714285,0.6296296296296298,Medium Usage,0.2999118036141458
KJ Simpson,1642354,33,2,22.060606060606062,19.1,13.9,22,CHO,PG,7.8,3.0,3.1,0.06060606060606061,0.7277486910994764,Medium Usage,0.2100142406570472
Quinten Post,1642366,33,2,22.863636363636363,19.6,12.9,24,GSW,PF,8.1,3.5,1.3,0.06060606060606061,0.6581632653061225,Medium Usage,0.19972151297700907
Jonathan Mogbo,1642367,53,4,28.30188679245283,15.0,13.400000000000002,23,TOR,PF,6.2,4.9,2.3,0.07547169811320754,0.8933333333333334,Low Usage,0.2596562798158341
Jaylen Wells,1642377,78,15,27.702564102564104,15.9,15.5,21,MEM,SG,10.4,3.4,1.7,0.19230769230769232,0.9748427672955975,Medium Usage,0.4329777857367062
Jamison Battle,1642419,47,3,23.51086956521739,15.3,10.700000000000001,23,TOR,SF,7.1,2.7,0.9,0.06382978723404255,0.6993464052287582,Medium Usage,0.21127974878971278
